p2name0_sum,{key0:value0}|sum|-41
p2name1_mmsc,{key1:value1}|mmsc|-57|-50|49|12
p2name2_mmsc,{key2:value2}|mmsc|140|-25|37|12
p2name3_lval,{key3:value3}|lval|27
p2name4_mmsc,{key4:value4}|mmsc|-34|-47|39|12
p2name5_dist,{key5:value5}|dist|-56|-44|40|12|{-34,2,26}
p2name6_sum,{key6:value6}|sum|-9
p2name7_sum,{key7:value7}|sum|-39
p2name8_hist,{key8:value8}|hist|-91|12|{5,6,11,12}
p2name9_sum,{key9:value9}|sum|27
p2name10_hist,{key10:value10}|hist|-129|12|{5,8,11,12}
p2name11_hist,{key11:value11}|hist|-34|12|{2,5,11,12}
p2name12_hist,{key12:value12}|hist|-27|12|{3,7,9,12}
p2name13_mmsc,{key13:value13}|mmsc|112|-44|49|12
p2name14_sum,{key14:value14}|sum|-142
p2name15_lval,{key15:value15}|lval|-45
p2name16_dist,{key16:value16}|dist|84|-36|49|12|{-11,3,36}
p2name17_lval,{key17:value17}|lval|-44
p2name18_dist,{key18:value18}|dist|-75|-46|40|12|{-29,-7,23}
p2name19_sum,{key19:value19}|sum|48
p2name20_dist,{key20:value20}|dist|-91|-49|44|12|{-41,-3,32}
p2name21_lval,{key21:value21}|lval|29
p2name22_mmsc,{key22:value22}|mmsc|-81|-45|35|12
p2name23_sum,{key23:value23}|sum|-39
p2name24_dist,{key24:value24}|dist|-110|-50|34|12|{-30,-8,22}
p2name25_mmsc,{key25:value25}|mmsc|-34|-48|46|12
p2name26_hist,{key26:value26}|hist|-60|12|{3,7,10,12}
p2name27_sum,{key27:value27}|sum|58
p2name28_mmsc,{key28:value28}|mmsc|71|-48|48|12
p2name29_mmsc,{key29:value29}|mmsc|-126|-44|47|12
p2name30_hist,{key30:value30}|hist|7|12|{3,5,9,12}
p2name31_sum,{key31:value31}|sum|47
p2name32_dist,{key32:value32}|dist|-16|-45|47|12|{-39,6,31}
p2name33_hist,{key33:value33}|hist|-171|12|{5,9,10,12}
p2name34_hist,{key34:value34}|hist|41|12|{4,5,8,12}
p2name35_lval,{key35:value35}|lval|-16
p2name36_lval,{key36:value36}|lval|-25
p2name37_mmsc,{key37:value37}|mmsc|-70|-48|38|12
p2name38_dist,{key38:value38}|dist|-171|-49|39|12|{-34,-21,17}
p2name39_lval,{key39:value39}|lval|26
p2name40_hist,{key40:value40}|hist|149|12|{2,5,6,12}
p2name41_mmsc,{key41:value41}|mmsc|-34|-48|45|12
p2name42_mmsc,{key42:value42}|mmsc|59|-48|45|12
p2name43_hist,{key43:value43}|hist|-53|12|{5,6,8,12}
p2name44_lval,{key44:value44}|lval|26
p2name45_mmsc,{key45:value45}|mmsc|-111|-45|31|12
p2name46_dist,{key46:value46}|dist|-134|-49|46|12|{-44,-7,11}
p2name47_lval,{key47:value47}|lval|46
p2name48_mmsc,{key48:value48}|mmsc|-46|-40|49|12
p2name49_sum,{key49:value49}|sum|-88
p2name50_dist,{key50:value50}|dist|-222|-50|5|12|{-27,-11,-2}
p2name51_dist,{key51:value51}|dist|-27|-49|43|12|{-24,6,24}
p2name52_sum,{key52:value52}|sum|83
p2name53_lval,{key53:value53}|lval|-10
p2name54_hist,{key54:value54}|hist|20|12|{3,6,9,12}
p2name55_mmsc,{key55:value55}|mmsc|-32|-42|47|12
p2name56_lval,{key56:value56}|lval|-37
p2name57_mmsc,{key57:value57}|mmsc|-46|-43|30|12
p2name58_lval,{key58:value58}|lval|-13
p2name59_mmsc,{key59:value59}|mmsc|-97|-40|43|12
p2name60_dist,{key60:value60}|dist|7|-49|43|12|{-25,10,34}
p2name61_mmsc,{key61:value61}|mmsc|-30|-42|39|12
p2name62_sum,{key62:value62}|sum|14
p2name63_mmsc,{key63:value63}|mmsc|-85|-40|32|12
p2name64_dist,{key64:value64}|dist|-34|-43|47|12|{-28,-8,32}
p2name65_lval,{key65:value65}|lval|23
p2name66_lval,{key66:value66}|lval|31
p2name67_lval,{key67:value67}|lval|-14
p2name68_mmsc,{key68:value68}|mmsc|121|-31|49|12
p2name69_mmsc,{key69:value69}|mmsc|-52|-49|49|12
p2name70_mmsc,{key70:value70}|mmsc|100|-49|43|12
p2name71_lval,{key71:value71}|lval|-44
p2name72_hist,{key72:value72}|hist|-33|12|{3,5,11,12}
p2name73_hist,{key73:value73}|hist|-4|12|{3,5,11,12}
p2name74_dist,{key74:value74}|dist|83|-49|43|12|{-17,22,32}
p2name75_lval,{key75:value75}|lval|-37
p2name76_hist,{key76:value76}|hist|-82|12|{3,8,11,12}
p2name77_lval,{key77:value77}|lval|7
p2name78_mmsc,{key78:value78}|mmsc|62|-50|49|12
p2name79_sum,{key79:value79}|sum|53
p2name80_lval,{key80:value80}|lval|-4
p2name81_mmsc,{key81:value81}|mmsc|74|-43|46|12
p2name82_lval,{key82:value82}|lval|7
p2name83_sum,{key83:value83}|sum|156
p2name84_mmsc,{key84:value84}|mmsc|2|-47|45|12
p2name85_hist,{key85:value85}|hist|83|12|{2,5,9,12}
p2name86_sum,{key86:value86}|sum|3
p2name87_dist,{key87:value87}|dist|102|-48|48|12|{-27,27,43}
p2name88_mmsc,{key88:value88}|mmsc|106|-43|49|12
p2name89_dist,{key89:value89}|dist|91|-45|49|12|{-9,17,39}
p2name90_dist,{key90:value90}|dist|50|-43|40|12|{-10,18,29}
p2name91_dist,{key91:value91}|dist|56|-47|48|12|{-11,5,33}
p2name92_mmsc,{key92:value92}|mmsc|193|-23|42|12
p2name93_lval,{key93:value93}|lval|-44
p2name94_sum,{key94:value94}|sum|-100
p2name95_sum,{key95:value95}|sum|-56
p2name96_mmsc,{key96:value96}|mmsc|72|-44|44|12
p2name97_mmsc,{key97:value97}|mmsc|244|-35|45|12
p2name98_hist,{key98:value98}|hist|38|12|{1,6,9,12}
p2name99_mmsc,{key99:value99}|mmsc|42|-35|47|12
p2name100_mmsc,{key100:value100}|mmsc|-16|-46|40|12
p2name101_dist,{key101:value101}|dist|104|-37|46|12|{-14,14,41}
p2name102_lval,{key102:value102}|lval|8
p2name103_hist,{key103:value103}|hist|39|12|{1,7,8,12}
p2name104_dist,{key104:value104}|dist|148|-21|47|12|{-9,19,38}
p2name105_dist,{key105:value105}|dist|-10|-45|41|12|{-23,4,25}
p2name106_sum,{key106:value106}|sum|41
p2name107_sum,{key107:value107}|sum|-138
p2name108_dist,{key108:value108}|dist|74|-39|42|12|{-2,8,32}
p2name109_dist,{key109:value109}|dist|139|-21|49|12|{-14,16,37}
p2name110_mmsc,{key110:value110}|mmsc|-97|-42|42|12
p2name111_mmsc,{key111:value111}|mmsc|-30|-49|42|12
p2name112_lval,{key112:value112}|lval|-50
p2name113_sum,{key113:value113}|sum|83
p2name114_hist,{key114:value114}|hist|-179|12|{6,8,10,12}
p2name115_lval,{key115:value115}|lval|-41
p2name116_sum,{key116:value116}|sum|-49
p2name117_hist,{key117:value117}|hist|131|12|{1,6,6,12}
p2name118_hist,{key118:value118}|hist|-24|12|{3,6,9,12}
p2name119_hist,{key119:value119}|hist|-68|12|{5,6,9,12}
p2name120_lval,{key120:value120}|lval|15
p2name121_hist,{key121:value121}|hist|-24|12|{4,7,9,12}
p2name122_lval,{key122:value122}|lval|49
p2name123_dist,{key123:value123}|dist|21|-44|46|12|{-23,7,35}
p2name124_sum,{key124:value124}|sum|-75
p2name125_lval,{key125:value125}|lval|31
p2name126_sum,{key126:value126}|sum|50
p2name127_sum,{key127:value127}|sum|58
p2name128_hist,{key128:value128}|hist|-24|12|{6,6,7,12}
p2name129_hist,{key129:value129}|hist|-85|12|{5,8,9,12}
p2name130_lval,{key130:value130}|lval|-37
p2name131_lval,{key131:value131}|lval|42
p2name132_hist,{key132:value132}|hist|187|12|{1,4,7,12}
p2name133_hist,{key133:value133}|hist|-109|12|{3,9,10,12}
p2name134_lval,{key134:value134}|lval|35
p2name135_sum,{key135:value135}|sum|92
p2name136_mmsc,{key136:value136}|mmsc|-36|-43|47|12
p2name137_lval,{key137:value137}|lval|21
p2name138_mmsc,{key138:value138}|mmsc|-120|-47|44|12
p2name139_dist,{key139:value139}|dist|-50|-45|41|12|{-21,-9,23}
p2name140_mmsc,{key140:value140}|mmsc|-83|-48|45|12
p2name141_hist,{key141:value141}|hist|30|12|{3,5,10,12}
p2name142_mmsc,{key142:value142}|mmsc|64|-44|47|12
p2name143_lval,{key143:value143}|lval|22
p2name144_mmsc,{key144:value144}|mmsc|55|-49|40|12
p2name145_lval,{key145:value145}|lval|41
p2name146_hist,{key146:value146}|hist|-137|12|{4,8,10,12}
p2name147_dist,{key147:value147}|dist|3|-47|38|12|{-26,14,34}
p2name148_sum,{key148:value148}|sum|-211
p2name149_hist,{key149:value149}|hist|24|12|{2,4,10,12}
p2name150_hist,{key150:value150}|hist|-57|12|{4,6,9,12}
p2name151_hist,{key151:value151}|hist|148|12|{0,5,8,12}
p2name152_hist,{key152:value152}|hist|-61|12|{3,7,10,12}
p2name153_hist,{key153:value153}|hist|132|12|{2,3,6,12}
p2name154_lval,{key154:value154}|lval|25
p2name155_hist,{key155:value155}|hist|-53|12|{4,5,10,12}
p2name156_lval,{key156:value156}|lval|-39
p2name157_sum,{key157:value157}|sum|-37
p2name158_sum,{key158:value158}|sum|-62
p2name159_sum,{key159:value159}|sum|-145
p2name160_sum,{key160:value160}|sum|121
p2name161_sum,{key161:value161}|sum|-59
p2name162_lval,{key162:value162}|lval|-46
p2name163_dist,{key163:value163}|dist|68|-47|46|12|{-11,6,41}
p2name164_sum,{key164:value164}|sum|-144
p2name165_dist,{key165:value165}|dist|34|-48|46|12|{-16,13,31}
p2name166_sum,{key166:value166}|sum|-44
p2name167_lval,{key167:value167}|lval|19
p2name168_sum,{key168:value168}|sum|-44
p2name169_dist,{key169:value169}|dist|-172|-50|19|12|{-38,-5,8}
p2name170_hist,{key170:value170}|hist|140|12|{2,4,7,12}
p2name171_dist,{key171:value171}|dist|-72|-46|35|12|{-18,-7,21}
p2name172_hist,{key172:value172}|hist|117|12|{1,6,7,12}
p2name173_hist,{key173:value173}|hist|53|12|{2,5,9,12}
p2name174_sum,{key174:value174}|sum|6
p2name175_lval,{key175:value175}|lval|36
p2name176_hist,{key176:value176}|hist|-67|12|{4,7,10,12}
p2name177_hist,{key177:value177}|hist|39|12|{1,6,9,12}
p2name178_hist,{key178:value178}|hist|-101|12|{5,8,9,12}
p2name179_hist,{key179:value179}|hist|65|12|{2,5,7,12}
p2name180_dist,{key180:value180}|dist|-90|-49|37|12|{-28,4,19}
p2name181_dist,{key181:value181}|dist|98|-49|46|12|{-2,15,40}
p2name182_lval,{key182:value182}|lval|23
p2name183_hist,{key183:value183}|hist|-164|12|{5,9,11,12}
p2name184_mmsc,{key184:value184}|mmsc|-116|-39|36|12
p2name185_hist,{key185:value185}|hist|11|12|{3,4,8,12}
p2name186_mmsc,{key186:value186}|mmsc|88|-32|41|12
p2name187_mmsc,{key187:value187}|mmsc|-167|-50|40|12
p2name188_dist,{key188:value188}|dist|-109|-45|24|12|{-36,0,16}
p2name189_mmsc,{key189:value189}|mmsc|-180|-47|49|12
p2name190_hist,{key190:value190}|hist|47|12|{2,4,10,12}
p2name191_lval,{key191:value191}|lval|27
p2name192_dist,{key192:value192}|dist|-50|-48|46|12|{-23,6,24}
p2name193_hist,{key193:value193}|hist|-109|12|{5,7,8,12}
p2name194_hist,{key194:value194}|hist|-23|12|{4,7,8,12}
p2name195_dist,{key195:value195}|dist|129|-43|47|12|{-14,30,37}
p2name196_sum,{key196:value196}|sum|144
p2name197_dist,{key197:value197}|dist|52|-48|46|12|{-13,9,34}
p2name198_lval,{key198:value198}|lval|13
p2name199_mmsc,{key199:value199}|mmsc|44|-46|43|12
p2name200_dist,{key200:value200}|dist|206|-20|47|12|{9,23,39}
p2name201_dist,{key201:value201}|dist|132|-35|47|12|{-6,14,36}
p2name202_dist,{key202:value202}|dist|115|-35|48|12|{-5,9,34}
p2name203_lval,{key203:value203}|lval|-14
p2name204_mmsc,{key204:value204}|mmsc|97|-49|48|12
p2name205_dist,{key205:value205}|dist|242|-37|44|12|{12,22,42}
p2name206_lval,{key206:value206}|lval|-44
p2name207_sum,{key207:value207}|sum|-70
p2name208_mmsc,{key208:value208}|mmsc|319|-5|48|12
p2name209_sum,{key209:value209}|sum|99
p2name210_hist,{key210:value210}|hist|-69|12|{4,7,10,12}
p2name211_dist,{key211:value211}|dist|-115|-50|42|12|{-28,-13,27}
p2name212_lval,{key212:value212}|lval|37
p2name213_lval,{key213:value213}|lval|31
p2name214_hist,{key214:value214}|hist|-38|12|{3,8,10,12}
p2name215_sum,{key215:value215}|sum|95
p2name216_dist,{key216:value216}|dist|-94|-50|47|12|{-30,-2,15}
p2name217_dist,{key217:value217}|dist|60|-44|39|12|{-17,21,28}
p2name218_hist,{key218:value218}|hist|-68|12|{4,6,9,12}
p2name219_dist,{key219:value219}|dist|-145|-43|29|12|{-33,-15,25}
p2name220_dist,{key220:value220}|dist|-208|-49|13|12|{-34,-13,5}
p2name221_mmsc,{key221:value221}|mmsc|177|-44|47|12
p2name222_lval,{key222:value222}|lval|-5
p2name223_hist,{key223:value223}|hist|-81|12|{4,8,9,12}
p2name224_sum,{key224:value224}|sum|-6
p2name225_lval,{key225:value225}|lval|1
p2name226_lval,{key226:value226}|lval|-45
p2name227_mmsc,{key227:value227}|mmsc|-52|-45|45|12
p2name228_lval,{key228:value228}|lval|39
p2name229_dist,{key229:value229}|dist|85|-50|47|12|{-7,16,41}
p2name230_lval,{key230:value230}|lval|5
p2name231_dist,{key231:value231}|dist|20|-40|40|12|{-24,16,30}
p2name232_hist,{key232:value232}|hist|-10|12|{3,5,9,12}
p2name233_mmsc,{key233:value233}|mmsc|156|-21|49|12
p2name234_hist,{key234:value234}|hist|27|12|{1,6,9,12}
p2name235_mmsc,{key235:value235}|mmsc|-31|-44|39|12
p2name236_dist,{key236:value236}|dist|-111|-49|49|12|{-38,-23,37}
p2name237_dist,{key237:value237}|dist|-226|-42|16|12|{-36,-20,2}
p2name238_sum,{key238:value238}|sum|80
p2name239_dist,{key239:value239}|dist|42|-25|47|12|{-15,-1,29}
p2name240_mmsc,{key240:value240}|mmsc|53|-39|41|12
p2name241_lval,{key241:value241}|lval|-12
p2name242_hist,{key242:value242}|hist|-53|12|{3,8,9,12}
p2name243_hist,{key243:value243}|hist|-97|12|{4,8,9,12}
p2name244_lval,{key244:value244}|lval|46
p2name245_mmsc,{key245:value245}|mmsc|105|-46|49|12
p2name246_mmsc,{key246:value246}|mmsc|14|-45|49|12
p2name247_lval,{key247:value247}|lval|-47
p2name248_mmsc,{key248:value248}|mmsc|37|-28|41|12
p2name249_sum,{key249:value249}|sum|6
p2name250_sum,{key250:value250}|sum|-79
p2name251_sum,{key251:value251}|sum|-6
p2name252_mmsc,{key252:value252}|mmsc|-79|-48|44|12
p2name253_mmsc,{key253:value253}|mmsc|33|-49|45|12
p2name254_dist,{key254:value254}|dist|-89|-46|45|12|{-23,-5,25}
p2name255_sum,{key255:value255}|sum|180
p2name256_mmsc,{key256:value256}|mmsc|7|-43|46|12
p2name257_mmsc,{key257:value257}|mmsc|-16|-48|43|12
p2name258_mmsc,{key258:value258}|mmsc|6|-44|47|12
p2name259_hist,{key259:value259}|hist|4|12|{3,5,9,12}
p2name260_hist,{key260:value260}|hist|-160|12|{4,8,11,12}
p2name261_dist,{key261:value261}|dist|-60|-34|23|12|{-18,-1,10}
p2name262_sum,{key262:value262}|sum|-45
p2name263_mmsc,{key263:value263}|mmsc|-108|-43|35|12
p2name264_dist,{key264:value264}|dist|-41|-49|37|12|{-19,9,13}
p2name265_dist,{key265:value265}|dist|-67|-50|32|12|{-25,1,23}
p2name266_sum,{key266:value266}|sum|144
p2name267_lval,{key267:value267}|lval|-32
p2name268_mmsc,{key268:value268}|mmsc|-64|-42|49|12
p2name269_sum,{key269:value269}|sum|-43
p2name270_dist,{key270:value270}|dist|147|-42|44|12|{4,25,37}
p2name271_dist,{key271:value271}|dist|111|-33|49|12|{-4,8,31}
p2name272_lval,{key272:value272}|lval|10
p2name273_hist,{key273:value273}|hist|39|12|{3,5,8,12}
p2name274_hist,{key274:value274}|hist|-165|12|{5,8,10,12}
p2name275_sum,{key275:value275}|sum|94
p2name276_hist,{key276:value276}|hist|169|12|{1,3,7,12}
p2name277_hist,{key277:value277}|hist|-78|12|{6,6,9,12}
p2name278_lval,{key278:value278}|lval|-20
p2name279_dist,{key279:value279}|dist|-73|-46|40|12|{-32,9,23}
p2name280_lval,{key280:value280}|lval|28
p2name281_sum,{key281:value281}|sum|117
p2name282_sum,{key282:value282}|sum|51
p2name283_sum,{key283:value283}|sum|-97
p2name284_hist,{key284:value284}|hist|-112|12|{5,7,10,12}
p2name285_sum,{key285:value285}|sum|65
p2name286_hist,{key286:value286}|hist|162|12|{0,3,8,12}
p2name287_mmsc,{key287:value287}|mmsc|-116|-49|38|12
p2name288_sum,{key288:value288}|sum|-59
p2name289_lval,{key289:value289}|lval|21
p2name290_sum,{key290:value290}|sum|-38
p2name291_dist,{key291:value291}|dist|26|-41|46|12|{-5,6,14}
p2name292_dist,{key292:value292}|dist|-25|-43|44|12|{-26,-1,27}
p2name293_mmsc,{key293:value293}|mmsc|-84|-49|49|12
p2name294_sum,{key294:value294}|sum|178
p2name295_hist,{key295:value295}|hist|138|12|{1,5,7,12}
p2name296_lval,{key296:value296}|lval|11
p2name297_hist,{key297:value297}|hist|-5|12|{2,6,9,12}
p2name298_mmsc,{key298:value298}|mmsc|93|-26|49|12
p2name299_sum,{key299:value299}|sum|36
p2name300_dist,{key300:value300}|dist|-47|-47|46|12|{-26,2,31}
p2name301_dist,{key301:value301}|dist|127|-37|43|12|{1,15,40}
p2name302_lval,{key302:value302}|lval|-12
p2name303_mmsc,{key303:value303}|mmsc|-92|-46|44|12
p2name304_hist,{key304:value304}|hist|-188|12|{7,9,11,12}
p2name305_dist,{key305:value305}|dist|82|-44|42|12|{-12,16,34}
p2name306_lval,{key306:value306}|lval|-24
p2name307_lval,{key307:value307}|lval|-11
p2name308_dist,{key308:value308}|dist|110|-47|47|12|{-13,12,38}
p2name309_lval,{key309:value309}|lval|-43
p2name310_hist,{key310:value310}|hist|-9|12|{3,5,10,12}
p2name311_hist,{key311:value311}|hist|277|12|{1,1,5,12}
p2name312_hist,{key312:value312}|hist|-87|12|{3,8,11,12}
p2name313_sum,{key313:value313}|sum|-67
p2name314_hist,{key314:value314}|hist|8|12|{4,6,9,12}
p2name315_hist,{key315:value315}|hist|12|12|{3,7,8,12}
p2name316_hist,{key316:value316}|hist|-67|12|{5,8,8,12}
p2name317_sum,{key317:value317}|sum|-66
p2name318_sum,{key318:value318}|sum|-50
p2name319_hist,{key319:value319}|hist|23|12|{2,5,10,12}
p2name320_sum,{key320:value320}|sum|44
p2name321_lval,{key321:value321}|lval|-21
p2name322_lval,{key322:value322}|lval|25
p2name323_dist,{key323:value323}|dist|-136|-44|45|12|{-29,-14,-2}
p2name324_sum,{key324:value324}|sum|55
p2name325_dist,{key325:value325}|dist|101|-30|48|12|{-7,13,27}
p2name326_hist,{key326:value326}|hist|-112|12|{5,7,10,12}
p2name327_lval,{key327:value327}|lval|-42
p2name328_mmsc,{key328:value328}|mmsc|-15|-46|38|12
p2name329_dist,{key329:value329}|dist|-126|-44|47|12|{-40,-21,29}
p2name330_hist,{key330:value330}|hist|71|12|{2,6,7,12}
p2name331_mmsc,{key331:value331}|mmsc|191|-20|46|12
p2name332_lval,{key332:value332}|lval|47
p2name333_dist,{key333:value333}|dist|-177|-47|49|12|{-29,-15,-8}
p2name334_hist,{key334:value334}|hist|-97|12|{5,7,9,12}
p2name335_hist,{key335:value335}|hist|-63|12|{3,7,9,12}
p2name336_sum,{key336:value336}|sum|46
p2name337_hist,{key337:value337}|hist|-142|12|{5,8,11,12}
p2name338_dist,{key338:value338}|dist|-82|-42|47|12|{-35,0,17}
p2name339_sum,{key339:value339}|sum|27
p2name340_hist,{key340:value340}|hist|-49|12|{2,8,9,12}
p2name341_dist,{key341:value341}|dist|-6|-38|48|12|{-28,4,22}
p2name342_mmsc,{key342:value342}|mmsc|-94|-49|43|12
p2name343_mmsc,{key343:value343}|mmsc|-75|-45|47|12
p2name344_mmsc,{key344:value344}|mmsc|-53|-46|46|12
p2name345_sum,{key345:value345}|sum|-74
p2name346_lval,{key346:value346}|lval|15
p2name347_dist,{key347:value347}|dist|3|-44|48|12|{-27,7,26}
p2name348_dist,{key348:value348}|dist|-64|-50|39|12|{-32,3,30}
p2name349_sum,{key349:value349}|sum|-73
p2name350_lval,{key350:value350}|lval|49
p2name351_mmsc,{key351:value351}|mmsc|-57|-50|44|12
p2name352_lval,{key352:value352}|lval|5
p2name353_sum,{key353:value353}|sum|6
p2name354_mmsc,{key354:value354}|mmsc|-35|-47|48|12
p2name355_lval,{key355:value355}|lval|15
p2name356_dist,{key356:value356}|dist|-22|-50|42|12|{-37,10,37}
p2name357_mmsc,{key357:value357}|mmsc|-67|-47|39|12
p2name358_lval,{key358:value358}|lval|-49
p2name359_mmsc,{key359:value359}|mmsc|16|-42|46|12
p2name360_mmsc,{key360:value360}|mmsc|-11|-43|48|12
p2name361_lval,{key361:value361}|lval|44
p2name362_lval,{key362:value362}|lval|-44
p2name363_lval,{key363:value363}|lval|21
p2name364_dist,{key364:value364}|dist|104|-38|48|12|{-13,8,43}
p2name365_hist,{key365:value365}|hist|-17|12|{5,6,8,12}
p2name366_hist,{key366:value366}|hist|6|12|{4,6,9,12}
p2name367_lval,{key367:value367}|lval|-16
p2name368_sum,{key368:value368}|sum|-117
p2name369_sum,{key369:value369}|sum|-159
p2name370_sum,{key370:value370}|sum|91
p2name371_sum,{key371:value371}|sum|62
p2name372_mmsc,{key372:value372}|mmsc|48|-50|49|12
p2name373_hist,{key373:value373}|hist|38|12|{2,5,10,12}
p2name374_sum,{key374:value374}|sum|-35
p2name375_mmsc,{key375:value375}|mmsc|-11|-34|43|12
p2name376_lval,{key376:value376}|lval|4
p2name377_dist,{key377:value377}|dist|-4|-43|49|12|{-16,-5,37}
p2name378_dist,{key378:value378}|dist|-240|-50|41|12|{-39,-32,0}
p2name379_lval,{key379:value379}|lval|-28
p2name380_mmsc,{key380:value380}|mmsc|-196|-50|39|12
p2name381_dist,{key381:value381}|dist|-131|-49|32|12|{-32,-8,14}
p2name382_lval,{key382:value382}|lval|12
p2name383_sum,{key383:value383}|sum|74
p2name384_sum,{key384:value384}|sum|54
p2name385_sum,{key385:value385}|sum|-91
p2name386_dist,{key386:value386}|dist|9|-50|47|12|{-16,8,29}
p2name387_mmsc,{key387:value387}|mmsc|-7|-50|48|12
p2name388_hist,{key388:value388}|hist|68|12|{1,4,8,12}
p2name389_hist,{key389:value389}|hist|-90|12|{4,8,10,12}
p2name390_lval,{key390:value390}|lval|0
p2name391_lval,{key391:value391}|lval|-20
p2name392_sum,{key392:value392}|sum|29
p2name393_mmsc,{key393:value393}|mmsc|36|-46|49|12
p2name394_lval,{key394:value394}|lval|21
p2name395_lval,{key395:value395}|lval|45
p2name396_mmsc,{key396:value396}|mmsc|32|-45|48|12
p2name397_lval,{key397:value397}|lval|42
p2name398_mmsc,{key398:value398}|mmsc|50|-21|41|12
p2name399_hist,{key399:value399}|hist|47|12|{1,5,10,12}
p2name400_lval,{key400:value400}|lval|0
p2name401_hist,{key401:value401}|hist|-120|12|{5,7,10,12}
p2name402_hist,{key402:value402}|hist|18|12|{4,5,8,12}
p2name403_mmsc,{key403:value403}|mmsc|-68|-49|49|12
p2name404_sum,{key404:value404}|sum|-44
p2name405_lval,{key405:value405}|lval|48
p2name406_hist,{key406:value406}|hist|91|12|{1,5,10,12}
p2name407_mmsc,{key407:value407}|mmsc|39|-38|45|12
p2name408_mmsc,{key408:value408}|mmsc|47|-49|48|12
p2name409_mmsc,{key409:value409}|mmsc|16|-47|49|12
p2name410_hist,{key410:value410}|hist|-30|12|{4,6,9,12}
p2name411_hist,{key411:value411}|hist|-55|12|{4,7,10,12}
p2name412_hist,{key412:value412}|hist|20|12|{3,6,9,12}
p2name413_dist,{key413:value413}|dist|-142|-49|42|12|{-24,-10,1}
p2name414_lval,{key414:value414}|lval|-26
p2name415_hist,{key415:value415}|hist|-105|12|{5,7,10,12}
p2name416_mmsc,{key416:value416}|mmsc|-8|-50|42|12
p2name417_lval,{key417:value417}|lval|12
p2name418_mmsc,{key418:value418}|mmsc|-93|-37|32|12
p2name419_sum,{key419:value419}|sum|-68
p2name420_mmsc,{key420:value420}|mmsc|-7|-33|42|12
p2name421_lval,{key421:value421}|lval|-46
p2name422_hist,{key422:value422}|hist|119|12|{2,3,7,12}
p2name423_lval,{key423:value423}|lval|41
p2name424_sum,{key424:value424}|sum|206
p2name425_dist,{key425:value425}|dist|15|-46|37|12|{-17,15,22}
p2name426_sum,{key426:value426}|sum|-21
p2name427_lval,{key427:value427}|lval|38
p2name428_hist,{key428:value428}|hist|232|12|{1,2,7,12}
p2name429_sum,{key429:value429}|sum|-39
p2name430_mmsc,{key430:value430}|mmsc|44|-38|45|12
p2name431_mmsc,{key431:value431}|mmsc|47|-46|47|12
p2name432_sum,{key432:value432}|sum|14
p2name433_mmsc,{key433:value433}|mmsc|-33|-40|45|12
p2name434_mmsc,{key434:value434}|mmsc|-79|-37|39|12
p2name435_mmsc,{key435:value435}|mmsc|25|-34|45|12
p2name436_dist,{key436:value436}|dist|-8|-40|41|12|{-11,1,21}
p2name437_hist,{key437:value437}|hist|60|12|{2,6,9,12}
p2name438_mmsc,{key438:value438}|mmsc|-103|-50|49|12
p2name439_dist,{key439:value439}|dist|60|-40|31|12|{-5,9,25}
p2name440_mmsc,{key440:value440}|mmsc|82|-48|47|12
p2name441_lval,{key441:value441}|lval|-2
p2name442_lval,{key442:value442}|lval|-47
p2name443_lval,{key443:value443}|lval|-14
p2name444_mmsc,{key444:value444}|mmsc|75|-49|49|12
p2name445_dist,{key445:value445}|dist|154|-43|49|12|{4,23,28}
p2name446_sum,{key446:value446}|sum|-136
p2name447_dist,{key447:value447}|dist|82|-22|42|12|{-4,7,25}
p2name448_dist,{key448:value448}|dist|12|-33|39|12|{-19,3,31}
p2name449_hist,{key449:value449}|hist|-159|12|{5,8,11,12}
p2name450_lval,{key450:value450}|lval|37
p2name451_lval,{key451:value451}|lval|-15
p2name452_mmsc,{key452:value452}|mmsc|139|-46|47|12
p2name453_mmsc,{key453:value453}|mmsc|-61|-40|37|12
p2name454_mmsc,{key454:value454}|mmsc|-97|-47|29|12
p2name455_mmsc,{key455:value455}|mmsc|78|-49|43|12
p2name456_mmsc,{key456:value456}|mmsc|76|-32|41|12
p2name457_hist,{key457:value457}|hist|-32|12|{2,6,10,12}
p2name458_hist,{key458:value458}|hist|-22|12|{3,6,10,12}
p2name459_dist,{key459:value459}|dist|-131|-48|48|12|{-35,-23,41}
p2name460_dist,{key460:value460}|dist|-105|-50|36|12|{-25,-7,23}
p2name461_lval,{key461:value461}|lval|-26
p2name462_sum,{key462:value462}|sum|-54
p2name463_lval,{key463:value463}|lval|48
p2name464_lval,{key464:value464}|lval|-32
p2name465_hist,{key465:value465}|hist|-26|12|{3,7,9,12}
p2name466_sum,{key466:value466}|sum|8
p2name467_lval,{key467:value467}|lval|-24
p2name468_mmsc,{key468:value468}|mmsc|-141|-47|33|12
p2name469_mmsc,{key469:value469}|mmsc|121|-39|46|12
p2name470_mmsc,{key470:value470}|mmsc|-69|-45|37|12
p2name471_lval,{key471:value471}|lval|-36
p2name472_lval,{key472:value472}|lval|39
p2name473_sum,{key473:value473}|sum|-53
p2name474_hist,{key474:value474}|hist|40|12|{2,6,8,12}
p2name475_mmsc,{key475:value475}|mmsc|-14|-41|48|12
p2name476_lval,{key476:value476}|lval|39
p2name477_hist,{key477:value477}|hist|-62|12|{3,5,11,12}
p2name478_lval,{key478:value478}|lval|-22
p2name479_dist,{key479:value479}|dist|57|-43|49|12|{-23,12,33}
p2name480_lval,{key480:value480}|lval|-38
p2name481_mmsc,{key481:value481}|mmsc|96|-37|48|12
p2name482_hist,{key482:value482}|hist|174|12|{1,5,6,12}
p2name483_sum,{key483:value483}|sum|-56
p2name484_mmsc,{key484:value484}|mmsc|155|-41|39|12
p2name485_mmsc,{key485:value485}|mmsc|71|-30|48|12
p2name486_mmsc,{key486:value486}|mmsc|-16|-38|37|12
p2name487_mmsc,{key487:value487}|mmsc|207|-33|49|12
p2name488_sum,{key488:value488}|sum|13
p2name489_dist,{key489:value489}|dist|-58|-44|49|12|{-20,-12,16}
p2name490_lval,{key490:value490}|lval|32
p2name491_hist,{key491:value491}|hist|15|12|{3,6,9,12}
p2name492_lval,{key492:value492}|lval|-37
p2name493_lval,{key493:value493}|lval|9
p2name494_hist,{key494:value494}|hist|-96|12|{4,6,11,12}
p2name495_dist,{key495:value495}|dist|124|-35|47|12|{-6,25,38}
p2name496_hist,{key496:value496}|hist|5|12|{4,5,9,12}
p2name497_sum,{key497:value497}|sum|9
p2name498_lval,{key498:value498}|lval|-10
p2name499_hist,{key499:value499}|hist|106|12|{1,5,7,12}
p2name500_sum,{key500:value500}|sum|-60
p2name501_lval,{key501:value501}|lval|38
p2name502_mmsc,{key502:value502}|mmsc|-69|-46|47|12
p2name503_lval,{key503:value503}|lval|12
p2name504_dist,{key504:value504}|dist|21|-39|35|12|{-15,-2,33}
p2name505_mmsc,{key505:value505}|mmsc|118|-49|47|12
p2name506_mmsc,{key506:value506}|mmsc|-212|-47|32|12
p2name507_sum,{key507:value507}|sum|-148
p2name508_dist,{key508:value508}|dist|94|-41|47|12|{-11,15,38}
p2name509_sum,{key509:value509}|sum|-57
p2name510_lval,{key510:value510}|lval|34
p2name511_hist,{key511:value511}|hist|33|12|{4,5,7,12}
p2name512_sum,{key512:value512}|sum|-58
p2name513_sum,{key513:value513}|sum|-41
p2name514_lval,{key514:value514}|lval|37
p2name515_mmsc,{key515:value515}|mmsc|26|-39|47|12
p2name516_lval,{key516:value516}|lval|16
p2name517_dist,{key517:value517}|dist|-84|-49|45|12|{-28,-21,29}
p2name518_sum,{key518:value518}|sum|115
p2name519_hist,{key519:value519}|hist|-60|12|{3,6,10,12}
p2name520_hist,{key520:value520}|hist|-5|12|{5,6,7,12}
p2name521_dist,{key521:value521}|dist|61|-47|40|12|{-12,16,30}
p2name522_lval,{key522:value522}|lval|12
p2name523_lval,{key523:value523}|lval|-13
p2name524_mmsc,{key524:value524}|mmsc|34|-49|40|12
p2name525_dist,{key525:value525}|dist|129|-49|47|12|{1,27,32}
p2name526_hist,{key526:value526}|hist|14|12|{4,5,8,12}
p2name527_dist,{key527:value527}|dist|120|-43|48|12|{-19,26,41}
p2name528_mmsc,{key528:value528}|mmsc|-53|-45|47|12
p2name529_lval,{key529:value529}|lval|14
p2name530_mmsc,{key530:value530}|mmsc|161|-32|47|12
p2name531_mmsc,{key531:value531}|mmsc|-27|-47|44|12
p2name532_hist,{key532:value532}|hist|27|12|{2,5,10,12}
p2name533_hist,{key533:value533}|hist|-180|12|{6,8,10,12}
p2name534_dist,{key534:value534}|dist|-195|-45|30|12|{-35,-22,6}
p2name535_lval,{key535:value535}|lval|46
p2name536_lval,{key536:value536}|lval|31
p2name537_hist,{key537:value537}|hist|-36|12|{3,6,10,12}
p2name538_sum,{key538:value538}|sum|75
p2name539_dist,{key539:value539}|dist|186|-48|48|12|{2,38,43}
p2name540_dist,{key540:value540}|dist|-164|-44|43|12|{-34,-17,11}
p2name541_dist,{key541:value541}|dist|29|-35|45|12|{-16,-1,29}
p2name542_sum,{key542:value542}|sum|34
p2name543_mmsc,{key543:value543}|mmsc|143|-27|45|12
p2name544_hist,{key544:value544}|hist|-28|12|{3,7,9,12}
p2name545_mmsc,{key545:value545}|mmsc|32|-46|49|12
p2name546_dist,{key546:value546}|dist|-98|-47|43|12|{-28,-12,14}
p2name547_sum,{key547:value547}|sum|-83
p2name548_mmsc,{key548:value548}|mmsc|-45|-49|45|12
p2name549_dist,{key549:value549}|dist|-53|-46|49|12|{-35,-3,30}
p2name550_mmsc,{key550:value550}|mmsc|-175|-46|14|12
p2name551_mmsc,{key551:value551}|mmsc|12|-49|48|12
p2name552_lval,{key552:value552}|lval|-21
p2name553_mmsc,{key553:value553}|mmsc|-138|-46|45|12
p2name554_lval,{key554:value554}|lval|-1
p2name555_sum,{key555:value555}|sum|-65
p2name556_lval,{key556:value556}|lval|-49
p2name557_lval,{key557:value557}|lval|28
p2name558_hist,{key558:value558}|hist|3|12|{3,7,8,12}
p2name559_sum,{key559:value559}|sum|-108
p2name560_lval,{key560:value560}|lval|45
p2name561_sum,{key561:value561}|sum|-40
p2name562_sum,{key562:value562}|sum|-35
p2name563_hist,{key563:value563}|hist|-209|12|{5,10,12,12}
p2name564_hist,{key564:value564}|hist|115|12|{2,5,8,12}
p2name565_mmsc,{key565:value565}|mmsc|-102|-48|47|12
p2name566_mmsc,{key566:value566}|mmsc|75|-49|46|12
p2name567_lval,{key567:value567}|lval|35
p2name568_mmsc,{key568:value568}|mmsc|-95|-49|36|12
p2name569_lval,{key569:value569}|lval|-31
p2name570_sum,{key570:value570}|sum|-142
p2name571_mmsc,{key571:value571}|mmsc|-19|-39|35|12
p2name572_hist,{key572:value572}|hist|-48|12|{3,7,9,12}
p2name573_sum,{key573:value573}|sum|-36
p2name574_sum,{key574:value574}|sum|-129
p2name575_hist,{key575:value575}|hist|33|12|{4,5,8,12}
p2name576_mmsc,{key576:value576}|mmsc|62|-41|49|12
p2name577_hist,{key577:value577}|hist|-7|12|{4,6,8,12}
p2name578_sum,{key578:value578}|sum|50
p2name579_lval,{key579:value579}|lval|-46
p2name580_lval,{key580:value580}|lval|39
p2name581_hist,{key581:value581}|hist|62|12|{3,4,9,12}
p2name582_hist,{key582:value582}|hist|-57|12|{4,7,9,12}
p2name583_mmsc,{key583:value583}|mmsc|21|-47|40|12
p2name584_hist,{key584:value584}|hist|51|12|{3,5,8,12}
p2name585_sum,{key585:value585}|sum|-57
p2name586_dist,{key586:value586}|dist|-13|-32|29|12|{-16,8,15}
p2name587_sum,{key587:value587}|sum|-26
p2name588_hist,{key588:value588}|hist|124|12|{1,5,6,12}
p2name589_hist,{key589:value589}|hist|177|12|{0,5,7,12}
p2name590_lval,{key590:value590}|lval|-3
p2name591_sum,{key591:value591}|sum|76
p2name592_hist,{key592:value592}|hist|-76|12|{5,7,8,12}
p2name593_sum,{key593:value593}|sum|-36
p2name594_sum,{key594:value594}|sum|168
p2name595_mmsc,{key595:value595}|mmsc|-80|-48|43|12
p2name596_hist,{key596:value596}|hist|-131|12|{4,8,11,12}
p2name597_lval,{key597:value597}|lval|-20
p2name598_mmsc,{key598:value598}|mmsc|11|-37|49|12
p2name599_dist,{key599:value599}|dist|148|-37|48|12|{1,17,40}
p2name600_dist,{key600:value600}|dist|-12|-43|47|12|{-14,-3,37}
p2name601_hist,{key601:value601}|hist|114|12|{2,2,8,12}
p2name602_lval,{key602:value602}|lval|-17
p2name603_lval,{key603:value603}|lval|44
p2name604_mmsc,{key604:value604}|mmsc|-69|-47|44|12
p2name605_sum,{key605:value605}|sum|-132
p2name606_lval,{key606:value606}|lval|-13
p2name607_hist,{key607:value607}|hist|12|12|{3,4,9,12}
p2name608_hist,{key608:value608}|hist|-101|12|{7,7,9,12}
p2name609_hist,{key609:value609}|hist|49|12|{4,4,8,12}
p2name610_dist,{key610:value610}|dist|-114|-46|47|12|{-35,-15,20}
p2name611_sum,{key611:value611}|sum|274
p2name612_mmsc,{key612:value612}|mmsc|-181|-50|22|12
p2name613_hist,{key613:value613}|hist|1|12|{3,5,11,12}
p2name614_sum,{key614:value614}|sum|-31
p2name615_dist,{key615:value615}|dist|25|-50|49|12|{-3,9,33}
p2name616_mmsc,{key616:value616}|mmsc|-161|-48|48|12
p2name617_lval,{key617:value617}|lval|-44
p2name618_dist,{key618:value618}|dist|53|-49|49|12|{-20,13,36}
p2name619_dist,{key619:value619}|dist|74|-25|39|12|{-3,11,20}
p2name620_mmsc,{key620:value620}|mmsc|-47|-46|23|12
p2name621_hist,{key621:value621}|hist|114|12|{3,5,6,12}
p2name622_mmsc,{key622:value622}|mmsc|-18|-47|44|12
p2name623_sum,{key623:value623}|sum|-124
p2name624_hist,{key624:value624}|hist|16|12|{3,6,9,12}
p2name625_dist,{key625:value625}|dist|-58|-33|34|12|{-23,-1,20}
p2name626_hist,{key626:value626}|hist|3|12|{2,7,9,12}
p2name627_mmsc,{key627:value627}|mmsc|224|-20|46|12
p2name628_sum,{key628:value628}|sum|-89
p2name629_lval,{key629:value629}|lval|49
p2name630_mmsc,{key630:value630}|mmsc|-27|-47|46|12
p2name631_hist,{key631:value631}|hist|-61|12|{4,7,8,12}
p2name632_lval,{key632:value632}|lval|13
p2name633_mmsc,{key633:value633}|mmsc|-89|-45|49|12
p2name634_sum,{key634:value634}|sum|71
p2name635_sum,{key635:value635}|sum|50
p2name636_sum,{key636:value636}|sum|-45
p2name637_hist,{key637:value637}|hist|-23|12|{5,7,8,12}
p2name638_sum,{key638:value638}|sum|189
p2name639_sum,{key639:value639}|sum|122
p2name640_sum,{key640:value640}|sum|11
p2name641_lval,{key641:value641}|lval|29
p2name642_mmsc,{key642:value642}|mmsc|14|-44|42|12
p2name643_lval,{key643:value643}|lval|-12
p2name644_lval,{key644:value644}|lval|18
p2name645_lval,{key645:value645}|lval|12
p2name646_dist,{key646:value646}|dist|-78|-46|49|12|{-34,-1,17}
p2name647_hist,{key647:value647}|hist|-50|12|{5,7,9,12}
p2name648_hist,{key648:value648}|hist|-48|12|{3,6,10,12}
p2name649_sum,{key649:value649}|sum|-28
p2name650_sum,{key650:value650}|sum|-6
p2name651_dist,{key651:value651}|dist|106|-30|38|12|{-14,24,35}
p2name652_hist,{key652:value652}|hist|15|12|{1,7,9,12}
p2name653_dist,{key653:value653}|dist|-41|-38|41|12|{-28,-8,31}
p2name654_sum,{key654:value654}|sum|-55
p2name655_mmsc,{key655:value655}|mmsc|-77|-35|29|12
p2name656_hist,{key656:value656}|hist|-21|12|{3,7,9,12}
p2name657_sum,{key657:value657}|sum|165
p2name658_hist,{key658:value658}|hist|-202|12|{6,9,12,12}
p2name659_sum,{key659:value659}|sum|86
p2name660_mmsc,{key660:value660}|mmsc|48|-47|35|12
p2name661_dist,{key661:value661}|dist|-209|-49|44|12|{-36,-17,1}
p2name662_lval,{key662:value662}|lval|10
p2name663_sum,{key663:value663}|sum|9
p2name664_dist,{key664:value664}|dist|-184|-46|19|12|{-34,-16,9}
p2name665_mmsc,{key665:value665}|mmsc|-33|-47|49|12
p2name666_lval,{key666:value666}|lval|0
p2name667_mmsc,{key667:value667}|mmsc|-58|-49|40|12
p2name668_hist,{key668:value668}|hist|-47|12|{3,7,10,12}
p2name669_lval,{key669:value669}|lval|-44
p2name670_sum,{key670:value670}|sum|-35
p2name671_sum,{key671:value671}|sum|-36
p2name672_lval,{key672:value672}|lval|-10
p2name673_dist,{key673:value673}|dist|76|-39|49|12|{-13,12,35}
p2name674_lval,{key674:value674}|lval|-36
p2name675_sum,{key675:value675}|sum|-26
p2name676_hist,{key676:value676}|hist|85|12|{2,6,8,12}
p2name677_lval,{key677:value677}|lval|-36
p2name678_hist,{key678:value678}|hist|202|12|{2,3,6,12}
p2name679_mmsc,{key679:value679}|mmsc|70|-32|44|12
p2name680_sum,{key680:value680}|sum|25
p2name681_sum,{key681:value681}|sum|46
p2name682_hist,{key682:value682}|hist|55|12|{3,5,8,12}
p2name683_hist,{key683:value683}|hist|-76|12|{4,5,10,12}
p2name684_dist,{key684:value684}|dist|106|-43|41|12|{1,13,30}
p2name685_mmsc,{key685:value685}|mmsc|-104|-50|40|12
p2name686_sum,{key686:value686}|sum|-174
p2name687_dist,{key687:value687}|dist|-71|-48|42|12|{-25,-7,18}
p2name688_mmsc,{key688:value688}|mmsc|-34|-38|46|12
p2name689_mmsc,{key689:value689}|mmsc|-122|-46|39|12
p2name690_hist,{key690:value690}|hist|-12|12|{3,6,10,12}
p2name691_dist,{key691:value691}|dist|45|-44|48|12|{-12,11,39}
p2name692_dist,{key692:value692}|dist|-104|-50|28|12|{-25,-6,20}
p2name693_lval,{key693:value693}|lval|-23
p2name694_lval,{key694:value694}|lval|-5
p2name695_dist,{key695:value695}|dist|-60|-44|33|12|{-32,1,25}
p2name696_lval,{key696:value696}|lval|-34
p2name697_sum,{key697:value697}|sum|-19
p2name698_mmsc,{key698:value698}|mmsc|19|-44|37|12
p2name699_sum,{key699:value699}|sum|-34
p2name700_lval,{key700:value700}|lval|23
p2name701_lval,{key701:value701}|lval|-10
p2name702_sum,{key702:value702}|sum|128
p2name703_hist,{key703:value703}|hist|-65|12|{2,7,10,12}
p2name704_hist,{key704:value704}|hist|112|12|{3,4,7,12}
p2name705_sum,{key705:value705}|sum|5
p2name706_sum,{key706:value706}|sum|140
p2name707_mmsc,{key707:value707}|mmsc|-60|-50|45|12
p2name708_lval,{key708:value708}|lval|12
p2name709_dist,{key709:value709}|dist|-26|-48|39|12|{-18,8,21}
p2name710_hist,{key710:value710}|hist|-21|12|{2,5,11,12}
p2name711_sum,{key711:value711}|sum|2
p2name712_sum,{key712:value712}|sum|94
p2name713_sum,{key713:value713}|sum|-39
p2name714_mmsc,{key714:value714}|mmsc|30|-44|43|12
p2name715_hist,{key715:value715}|hist|107|12|{1,4,8,12}
p2name716_sum,{key716:value716}|sum|-159
p2name717_hist,{key717:value717}|hist|-94|12|{3,7,9,12}
p2name718_lval,{key718:value718}|lval|-4
p2name719_mmsc,{key719:value719}|mmsc|55|-32|40|12
p2name720_hist,{key720:value720}|hist|-64|12|{4,6,8,12}
p2name721_sum,{key721:value721}|sum|149
p2name722_dist,{key722:value722}|dist|149|-40|42|12|{0,22,37}
p2name723_sum,{key723:value723}|sum|128
p2name724_sum,{key724:value724}|sum|-153
p2name725_mmsc,{key725:value725}|mmsc|144|-49|44|12
p2name726_lval,{key726:value726}|lval|-42
p2name727_mmsc,{key727:value727}|mmsc|61|-41|45|12
p2name728_hist,{key728:value728}|hist|93|12|{2,5,7,12}
p2name729_mmsc,{key729:value729}|mmsc|94|-41|47|12
p2name730_dist,{key730:value730}|dist|-4|-42|33|12|{-18,6,22}
p2name731_sum,{key731:value731}|sum|-28
p2name732_lval,{key732:value732}|lval|-23
p2name733_mmsc,{key733:value733}|mmsc|-91|-48|34|12
p2name734_dist,{key734:value734}|dist|133|-38|45|12|{-10,25,36}
p2name735_sum,{key735:value735}|sum|-32
p2name736_dist,{key736:value736}|dist|-35|-50|46|12|{-29,8,17}
p2name737_mmsc,{key737:value737}|mmsc|-121|-50|49|12
p2name738_lval,{key738:value738}|lval|-41
p2name739_lval,{key739:value739}|lval|-20
p2name740_mmsc,{key740:value740}|mmsc|70|-50|49|12
p2name741_hist,{key741:value741}|hist|-49|12|{3,6,9,12}
p2name742_hist,{key742:value742}|hist|-23|12|{3,5,10,12}
p2name743_dist,{key743:value743}|dist|17|-38|49|12|{-21,1,37}
p2name744_sum,{key744:value744}|sum|44
p2name745_mmsc,{key745:value745}|mmsc|123|-43|44|12
p2name746_mmsc,{key746:value746}|mmsc|-3|-50|45|12
p2name747_hist,{key747:value747}|hist|-5|12|{3,5,10,12}
p2name748_dist,{key748:value748}|dist|-116|-43|39|12|{-35,-18,24}
p2name749_hist,{key749:value749}|hist|20|12|{2,6,9,12}
p2name750_lval,{key750:value750}|lval|44
p2name751_mmsc,{key751:value751}|mmsc|56|-47|46|12
p2name752_hist,{key752:value752}|hist|-20|12|{2,6,11,12}
p2name753_hist,{key753:value753}|hist|134|12|{2,4,8,12}
p2name754_sum,{key754:value754}|sum|26
p2name755_mmsc,{key755:value755}|mmsc|41|-30|43|12
p2name756_hist,{key756:value756}|hist|-124|12|{4,7,11,12}
p2name757_sum,{key757:value757}|sum|-78
p2name758_mmsc,{key758:value758}|mmsc|21|-47|48|12
p2name759_lval,{key759:value759}|lval|-30
p2name760_sum,{key760:value760}|sum|-125
p2name761_hist,{key761:value761}|hist|-4|12|{3,4,11,12}
p2name762_sum,{key762:value762}|sum|80
p2name763_mmsc,{key763:value763}|mmsc|70|-50|47|12
p2name764_sum,{key764:value764}|sum|96
p2name765_dist,{key765:value765}|dist|-79|-40|45|12|{-29,-10,20}
p2name766_dist,{key766:value766}|dist|179|-23|46|12|{0,18,43}
p2name767_mmsc,{key767:value767}|mmsc|57|-37|40|12
p2name768_dist,{key768:value768}|dist|-38|-50|49|12|{-34,5,24}
p2name769_lval,{key769:value769}|lval|-50
p2name770_mmsc,{key770:value770}|mmsc|-49|-45|48|12
p2name771_sum,{key771:value771}|sum|32
p2name772_hist,{key772:value772}|hist|-97|12|{4,8,10,12}
p2name773_dist,{key773:value773}|dist|2|-49|48|12|{-30,1,36}
p2name774_mmsc,{key774:value774}|mmsc|-83|-45|37|12
p2name775_dist,{key775:value775}|dist|-27|-50|40|12|{-18,0,21}
p2name776_lval,{key776:value776}|lval|-12
p2name777_dist,{key777:value777}|dist|121|-40|48|12|{-7,20,38}
p2name778_lval,{key778:value778}|lval|-48
p2name779_sum,{key779:value779}|sum|-16
p2name780_sum,{key780:value780}|sum|-139
p2name781_mmsc,{key781:value781}|mmsc|-185|-45|31|12
p2name782_sum,{key782:value782}|sum|20
p2name783_lval,{key783:value783}|lval|36
p2name784_mmsc,{key784:value784}|mmsc|-81|-36|27|12
p2name785_hist,{key785:value785}|hist|55|12|{3,5,9,12}
p2name786_lval,{key786:value786}|lval|34
p2name787_mmsc,{key787:value787}|mmsc|8|-42|41|12
p2name788_sum,{key788:value788}|sum|-73
p2name789_sum,{key789:value789}|sum|-1
p2name790_hist,{key790:value790}|hist|-7|12|{3,6,8,12}
p2name791_mmsc,{key791:value791}|mmsc|-160|-50|46|12
p2name792_sum,{key792:value792}|sum|94
p2name793_sum,{key793:value793}|sum|-80
p2name794_sum,{key794:value794}|sum|183
p2name795_hist,{key795:value795}|hist|-62|12|{3,7,10,12}
p2name796_sum,{key796:value796}|sum|-16
p2name797_mmsc,{key797:value797}|mmsc|-83|-50|49|12
p2name798_hist,{key798:value798}|hist|25|12|{3,5,8,12}
p2name799_mmsc,{key799:value799}|mmsc|-205|-50|47|12
p2name800_hist,{key800:value800}|hist|105|12|{1,5,7,12}
p2name801_lval,{key801:value801}|lval|28
p2name802_lval,{key802:value802}|lval|36
