p1name0_sum,{key0:value0}|sum|11
p1name1_hist,{key1:value1}|hist|-5|1|{0,1,1,1}
p1name2_sum,{key2:value2}|sum|32
p1name3_hist,{key3:value3}|hist|-5|1|{0,1,1,1}
p1name4_sum,{key4:value4}|sum|15
p1name5_sum,{key5:value5}|sum|26
p1name6_sum,{key6:value6}|sum|2
p1name7_sum,{key7:value7}|sum|45
p1name8_sum,{key8:value8}|sum|-29
p1name9_sum,{key9:value9}|sum|44
p1name10_sum,{key10:value10}|sum|26
p1name11_hist,{key11:value11}|hist|-30|1|{1,1,1,1}
p1name12_hist,{key12:value12}|hist|42|1|{0,0,0,1}
p1name13_sum,{key13:value13}|sum|4
p1name14_sum,{key14:value14}|sum|-44
p1name15_hist,{key15:value15}|hist|48|1|{0,0,0,1}
p1name16_hist,{key16:value16}|hist|9|1|{0,0,1,1}
p1name17_sum,{key17:value17}|sum|14
p1name18_sum,{key18:value18}|sum|7
p1name19_sum,{key19:value19}|sum|-31
p1name20_hist,{key20:value20}|hist|-22|1|{0,1,1,1}
p1name21_hist,{key21:value21}|hist|42|1|{0,0,0,1}
p1name22_sum,{key22:value22}|sum|-7
p1name23_sum,{key23:value23}|sum|-13
p1name24_sum,{key24:value24}|sum|-14
p1name25_hist,{key25:value25}|hist|21|1|{0,0,1,1}
p1name26_hist,{key26:value26}|hist|33|1|{0,0,0,1}
p1name27_sum,{key27:value27}|sum|39
p1name28_hist,{key28:value28}|hist|-41|1|{1,1,1,1}
p1name29_sum,{key29:value29}|sum|12
p1name30_sum,{key30:value30}|sum|37
p1name31_sum,{key31:value31}|sum|49
p1name32_hist,{key32:value32}|hist|39|1|{0,0,0,1}
p1name33_hist,{key33:value33}|hist|25|1|{0,0,0,1}
p1name34_sum,{key34:value34}|sum|20
p1name35_hist,{key35:value35}|hist|-46|1|{1,1,1,1}
p1name36_sum,{key36:value36}|sum|23
p1name37_sum,{key37:value37}|sum|28
p1name38_sum,{key38:value38}|sum|22
p1name39_sum,{key39:value39}|sum|42
p1name40_hist,{key40:value40}|hist|-4|1|{0,1,1,1}
p1name41_hist,{key41:value41}|hist|-42|1|{1,1,1,1}
p1name42_sum,{key42:value42}|sum|-10
p1name43_sum,{key43:value43}|sum|47
p1name44_sum,{key44:value44}|sum|40
p1name45_hist,{key45:value45}|hist|-35|1|{1,1,1,1}
p1name46_sum,{key46:value46}|sum|-20
p1name47_sum,{key47:value47}|sum|-21
p1name48_sum,{key48:value48}|sum|30
p1name49_sum,{key49:value49}|sum|38
p1name50_hist,{key50:value50}|hist|-19|1|{0,1,1,1}
p1name51_sum,{key51:value51}|sum|9
p1name52_hist,{key52:value52}|hist|-5|1|{0,1,1,1}
p1name53_sum,{key53:value53}|sum|2
p1name54_sum,{key54:value54}|sum|35
p1name55_sum,{key55:value55}|sum|7
p1name56_sum,{key56:value56}|sum|31
p1name57_sum,{key57:value57}|sum|3
p1name58_sum,{key58:value58}|sum|25
p1name59_sum,{key59:value59}|sum|25
p1name60_sum,{key60:value60}|sum|13
p1name61_sum,{key61:value61}|sum|37
p1name62_hist,{key62:value62}|hist|39|1|{0,0,0,1}
p1name63_hist,{key63:value63}|hist|4|1|{0,0,1,1}
p1name64_sum,{key64:value64}|sum|38
p1name65_sum,{key65:value65}|sum|-47
p1name66_hist,{key66:value66}|hist|-31|1|{1,1,1,1}
p1name67_sum,{key67:value67}|sum|42
p1name68_sum,{key68:value68}|sum|11
p1name69_sum,{key69:value69}|sum|-29
p1name70_hist,{key70:value70}|hist|-2|1|{0,1,1,1}
p1name71_sum,{key71:value71}|sum|10
p1name72_hist,{key72:value72}|hist|-35|1|{1,1,1,1}
p1name73_hist,{key73:value73}|hist|-10|1|{0,1,1,1}
p1name74_sum,{key74:value74}|sum|-12
p1name75_sum,{key75:value75}|sum|28
p1name76_sum,{key76:value76}|sum|-1
p1name77_sum,{key77:value77}|sum|-39
p1name78_hist,{key78:value78}|hist|18|1|{0,0,1,1}
p1name79_sum,{key79:value79}|sum|45
p1name80_hist,{key80:value80}|hist|4|1|{0,0,1,1}
p1name81_sum,{key81:value81}|sum|34
p1name82_hist,{key82:value82}|hist|-15|1|{0,1,1,1}
p1name83_sum,{key83:value83}|sum|-42
p1name84_hist,{key84:value84}|hist|-33|1|{1,1,1,1}
p1name85_hist,{key85:value85}|hist|12|1|{0,0,1,1}
p1name86_hist,{key86:value86}|hist|-42|1|{1,1,1,1}
p1name87_sum,{key87:value87}|sum|24
p1name88_hist,{key88:value88}|hist|49|1|{0,0,0,1}
p1name89_sum,{key89:value89}|sum|50
p1name90_sum,{key90:value90}|sum|38
p1name91_sum,{key91:value91}|sum|27
p1name92_sum,{key92:value92}|sum|-17
p1name93_sum,{key93:value93}|sum|41
p1name94_hist,{key94:value94}|hist|-17|1|{0,1,1,1}
p1name95_hist,{key95:value95}|hist|-4|1|{0,1,1,1}
p1name96_hist,{key96:value96}|hist|-41|1|{1,1,1,1}
p1name97_hist,{key97:value97}|hist|-22|1|{0,1,1,1}
p1name98_hist,{key98:value98}|hist|6|1|{0,0,1,1}
p1name99_sum,{key99:value99}|sum|37
p1name100_hist,{key100:value100}|hist|-37|1|{1,1,1,1}
p1name101_sum,{key101:value101}|sum|37
p1name102_sum,{key102:value102}|sum|9
p1name103_hist,{key103:value103}|hist|-39|1|{1,1,1,1}
p1name104_sum,{key104:value104}|sum|27
p1name105_sum,{key105:value105}|sum|29
p1name106_sum,{key106:value106}|sum|-28
p1name107_sum,{key107:value107}|sum|49
p1name108_hist,{key108:value108}|hist|38|1|{0,0,0,1}
p1name109_sum,{key109:value109}|sum|47
p1name110_sum,{key110:value110}|sum|30
p1name111_sum,{key111:value111}|sum|40
p1name112_hist,{key112:value112}|hist|33|1|{0,0,0,1}
p1name113_sum,{key113:value113}|sum|21
p1name114_sum,{key114:value114}|sum|-37
p1name115_hist,{key115:value115}|hist|26|1|{0,0,0,1}
p1name116_sum,{key116:value116}|sum|33
p1name117_sum,{key117:value117}|sum|13
p1name118_sum,{key118:value118}|sum|-33
p1name119_hist,{key119:value119}|hist|27|1|{0,0,0,1}
p1name120_hist,{key120:value120}|hist|-14|1|{0,1,1,1}
p1name121_sum,{key121:value121}|sum|0
p1name122_hist,{key122:value122}|hist|-23|1|{0,1,1,1}
p1name123_hist,{key123:value123}|hist|4|1|{0,0,1,1}
p1name124_sum,{key124:value124}|sum|-28
p1name125_sum,{key125:value125}|sum|26
p1name126_sum,{key126:value126}|sum|18
p1name127_sum,{key127:value127}|sum|-9
p1name128_sum,{key128:value128}|sum|12
p1name129_sum,{key129:value129}|sum|-44
p1name130_sum,{key130:value130}|sum|4
p1name131_hist,{key131:value131}|hist|-2|1|{0,1,1,1}
p1name132_sum,{key132:value132}|sum|11
p1name133_sum,{key133:value133}|sum|-31
p1name134_sum,{key134:value134}|sum|31
p1name135_sum,{key135:value135}|sum|27
p1name136_hist,{key136:value136}|hist|1|1|{0,0,1,1}
p1name137_sum,{key137:value137}|sum|48
p1name138_sum,{key138:value138}|sum|10
p1name139_hist,{key139:value139}|hist|0|1|{0,0,1,1}
p1name140_sum,{key140:value140}|sum|45
p1name141_sum,{key141:value141}|sum|-37
p1name142_sum,{key142:value142}|sum|-50
p1name143_hist,{key143:value143}|hist|6|1|{0,0,1,1}
p1name144_hist,{key144:value144}|hist|-4|1|{0,1,1,1}
p1name145_hist,{key145:value145}|hist|32|1|{0,0,0,1}
p1name146_sum,{key146:value146}|sum|46
p1name147_hist,{key147:value147}|hist|49|1|{0,0,0,1}
p1name148_hist,{key148:value148}|hist|-14|1|{0,1,1,1}
p1name149_sum,{key149:value149}|sum|16
p1name150_hist,{key150:value150}|hist|48|1|{0,0,0,1}
p1name151_sum,{key151:value151}|sum|42
p1name152_sum,{key152:value152}|sum|13
p1name153_sum,{key153:value153}|sum|-38
p1name154_sum,{key154:value154}|sum|26
p1name155_sum,{key155:value155}|sum|-23
p1name156_sum,{key156:value156}|sum|35
p1name157_sum,{key157:value157}|sum|-7
p1name158_hist,{key158:value158}|hist|19|1|{0,0,1,1}
p1name159_hist,{key159:value159}|hist|-18|1|{0,1,1,1}
p1name160_sum,{key160:value160}|sum|-29
p1name161_sum,{key161:value161}|sum|-20
p1name162_hist,{key162:value162}|hist|41|1|{0,0,0,1}
p1name163_sum,{key163:value163}|sum|-24
p1name164_hist,{key164:value164}|hist|41|1|{0,0,0,1}
p1name165_hist,{key165:value165}|hist|7|1|{0,0,1,1}
p1name166_sum,{key166:value166}|sum|31
p1name167_hist,{key167:value167}|hist|-40|1|{1,1,1,1}
p1name168_sum,{key168:value168}|sum|34
p1name169_sum,{key169:value169}|sum|47
p1name170_sum,{key170:value170}|sum|17
p1name171_sum,{key171:value171}|sum|42
p1name172_sum,{key172:value172}|sum|39
p1name173_sum,{key173:value173}|sum|-50
p1name174_sum,{key174:value174}|sum|1
p1name175_sum,{key175:value175}|sum|17
p1name176_hist,{key176:value176}|hist|-40|1|{1,1,1,1}
p1name177_sum,{key177:value177}|sum|38
p1name178_sum,{key178:value178}|sum|-39
p1name179_sum,{key179:value179}|sum|41
p1name180_sum,{key180:value180}|sum|38
p1name181_sum,{key181:value181}|sum|-40
p1name182_sum,{key182:value182}|sum|-50
p1name183_sum,{key183:value183}|sum|-21
p1name184_sum,{key184:value184}|sum|27
p1name185_sum,{key185:value185}|sum|-15
p1name186_sum,{key186:value186}|sum|21
p1name187_hist,{key187:value187}|hist|4|1|{0,0,1,1}
p1name188_hist,{key188:value188}|hist|-36|1|{1,1,1,1}
p1name189_hist,{key189:value189}|hist|-33|1|{1,1,1,1}
p1name190_hist,{key190:value190}|hist|-27|1|{1,1,1,1}
p1name191_sum,{key191:value191}|sum|12
p1name192_hist,{key192:value192}|hist|5|1|{0,0,1,1}
p1name193_sum,{key193:value193}|sum|39
p1name194_sum,{key194:value194}|sum|-37
p1name195_sum,{key195:value195}|sum|16
p1name196_hist,{key196:value196}|hist|-27|1|{1,1,1,1}
p1name197_hist,{key197:value197}|hist|42|1|{0,0,0,1}
p1name198_sum,{key198:value198}|sum|29
p1name199_sum,{key199:value199}|sum|23
p1name200_hist,{key200:value200}|hist|31|1|{0,0,0,1}
p1name201_sum,{key201:value201}|sum|49
p1name202_sum,{key202:value202}|sum|-9
p1name203_sum,{key203:value203}|sum|33
p1name204_hist,{key204:value204}|hist|39|1|{0,0,0,1}
p1name205_sum,{key205:value205}|sum|10
p1name206_hist,{key206:value206}|hist|9|1|{0,0,1,1}
p1name207_sum,{key207:value207}|sum|19
p1name208_sum,{key208:value208}|sum|-8
p1name209_sum,{key209:value209}|sum|32
p1name210_sum,{key210:value210}|sum|-6
p1name211_sum,{key211:value211}|sum|41
p1name212_hist,{key212:value212}|hist|17|1|{0,0,1,1}
p1name213_sum,{key213:value213}|sum|39
p1name214_sum,{key214:value214}|sum|42
p1name215_sum,{key215:value215}|sum|-45
p1name216_sum,{key216:value216}|sum|28
p1name217_sum,{key217:value217}|sum|43
p1name218_sum,{key218:value218}|sum|47
p1name219_sum,{key219:value219}|sum|26
p1name220_hist,{key220:value220}|hist|26|1|{0,0,0,1}
p1name221_sum,{key221:value221}|sum|-30
p1name222_sum,{key222:value222}|sum|18
p1name223_hist,{key223:value223}|hist|7|1|{0,0,1,1}
p1name224_sum,{key224:value224}|sum|25
p1name225_sum,{key225:value225}|sum|40
p1name226_sum,{key226:value226}|sum|43
p1name227_hist,{key227:value227}|hist|-50|1|{1,1,1,1}
p1name228_sum,{key228:value228}|sum|1
p1name229_hist,{key229:value229}|hist|-28|1|{1,1,1,1}
p1name230_sum,{key230:value230}|sum|16
p1name231_sum,{key231:value231}|sum|14
p1name232_hist,{key232:value232}|hist|-20|1|{0,1,1,1}
p1name233_sum,{key233:value233}|sum|-12
p1name234_sum,{key234:value234}|sum|43
p1name235_sum,{key235:value235}|sum|-48
p1name236_sum,{key236:value236}|sum|-22
p1name237_sum,{key237:value237}|sum|6
p1name238_hist,{key238:value238}|hist|45|1|{0,0,0,1}
p1name239_sum,{key239:value239}|sum|15
p1name240_sum,{key240:value240}|sum|50
p1name241_sum,{key241:value241}|sum|21
p1name242_hist,{key242:value242}|hist|9|1|{0,0,1,1}
p1name243_sum,{key243:value243}|sum|25
p1name244_sum,{key244:value244}|sum|-1
p1name245_hist,{key245:value245}|hist|-39|1|{1,1,1,1}
p1name246_sum,{key246:value246}|sum|31
p1name247_hist,{key247:value247}|hist|7|1|{0,0,1,1}
p1name248_hist,{key248:value248}|hist|8|1|{0,0,1,1}
p1name249_sum,{key249:value249}|sum|32
p1name250_sum,{key250:value250}|sum|-7
p1name251_hist,{key251:value251}|hist|-40|1|{1,1,1,1}
p1name252_sum,{key252:value252}|sum|-40
p1name253_hist,{key253:value253}|hist|-22|1|{0,1,1,1}
p1name254_sum,{key254:value254}|sum|26
p1name255_hist,{key255:value255}|hist|-11|1|{0,1,1,1}
p1name256_sum,{key256:value256}|sum|43
p1name257_hist,{key257:value257}|hist|-22|1|{0,1,1,1}
p1name258_hist,{key258:value258}|hist|-27|1|{1,1,1,1}
p1name259_sum,{key259:value259}|sum|29
p1name260_sum,{key260:value260}|sum|31
p1name261_sum,{key261:value261}|sum|24
p1name262_hist,{key262:value262}|hist|25|1|{0,0,0,1}
p1name263_sum,{key263:value263}|sum|-8
p1name264_hist,{key264:value264}|hist|39|1|{0,0,0,1}
p1name265_hist,{key265:value265}|hist|-14|1|{0,1,1,1}
p1name266_hist,{key266:value266}|hist|13|1|{0,0,1,1}
p1name267_sum,{key267:value267}|sum|33
p1name268_sum,{key268:value268}|sum|-16
p1name269_sum,{key269:value269}|sum|14
p1name270_sum,{key270:value270}|sum|-38
p1name271_sum,{key271:value271}|sum|46
p1name272_sum,{key272:value272}|sum|45
p1name273_sum,{key273:value273}|sum|47
p1name274_sum,{key274:value274}|sum|-47
p1name275_hist,{key275:value275}|hist|49|1|{0,0,0,1}
p1name276_hist,{key276:value276}|hist|47|1|{0,0,0,1}
p1name277_sum,{key277:value277}|sum|38
p1name278_hist,{key278:value278}|hist|-39|1|{1,1,1,1}
p1name279_hist,{key279:value279}|hist|-17|1|{0,1,1,1}
p1name280_hist,{key280:value280}|hist|-46|1|{1,1,1,1}
p1name281_hist,{key281:value281}|hist|-19|1|{0,1,1,1}
p1name282_sum,{key282:value282}|sum|-47
p1name283_hist,{key283:value283}|hist|-8|1|{0,1,1,1}
p1name284_sum,{key284:value284}|sum|26
p1name285_sum,{key285:value285}|sum|44
p1name286_sum,{key286:value286}|sum|41
p1name287_sum,{key287:value287}|sum|5
p1name288_hist,{key288:value288}|hist|-13|1|{0,1,1,1}
p1name289_sum,{key289:value289}|sum|50
p1name290_sum,{key290:value290}|sum|-8
p1name291_hist,{key291:value291}|hist|15|1|{0,0,1,1}
p1name292_sum,{key292:value292}|sum|17
p1name293_sum,{key293:value293}|sum|16
p1name294_sum,{key294:value294}|sum|1
p1name295_sum,{key295:value295}|sum|39
p1name296_hist,{key296:value296}|hist|-17|1|{0,1,1,1}
p1name297_sum,{key297:value297}|sum|-18
p1name298_sum,{key298:value298}|sum|42
p1name299_sum,{key299:value299}|sum|47
p1name300_sum,{key300:value300}|sum|18
p1name301_sum,{key301:value301}|sum|-27
p1name302_sum,{key302:value302}|sum|2
p1name303_hist,{key303:value303}|hist|1|1|{0,0,1,1}
p1name304_hist,{key304:value304}|hist|-18|1|{0,1,1,1}
p1name305_sum,{key305:value305}|sum|20
p1name306_hist,{key306:value306}|hist|-11|1|{0,1,1,1}
p1name307_hist,{key307:value307}|hist|32|1|{0,0,0,1}
p1name308_hist,{key308:value308}|hist|26|1|{0,0,0,1}
p1name309_sum,{key309:value309}|sum|33
p1name310_sum,{key310:value310}|sum|6
p1name311_sum,{key311:value311}|sum|-17
p1name312_sum,{key312:value312}|sum|-8
p1name313_sum,{key313:value313}|sum|18
p1name314_hist,{key314:value314}|hist|-32|1|{1,1,1,1}
p1name315_sum,{key315:value315}|sum|45
p1name316_sum,{key316:value316}|sum|-36
p1name317_hist,{key317:value317}|hist|32|1|{0,0,0,1}
p1name318_sum,{key318:value318}|sum|32
p1name319_sum,{key319:value319}|sum|30
p1name320_sum,{key320:value320}|sum|-16
p1name321_sum,{key321:value321}|sum|19
p1name322_sum,{key322:value322}|sum|43
p1name323_hist,{key323:value323}|hist|18|1|{0,0,1,1}
p1name324_sum,{key324:value324}|sum|-16
p1name325_sum,{key325:value325}|sum|29
p1name326_sum,{key326:value326}|sum|-42
p1name327_sum,{key327:value327}|sum|40
p1name328_hist,{key328:value328}|hist|18|1|{0,0,1,1}
p1name329_hist,{key329:value329}|hist|8|1|{0,0,1,1}
p1name330_hist,{key330:value330}|hist|8|1|{0,0,1,1}
p1name331_hist,{key331:value331}|hist|28|1|{0,0,0,1}
p1name332_hist,{key332:value332}|hist|-20|1|{0,1,1,1}
p1name333_sum,{key333:value333}|sum|-24
p1name334_sum,{key334:value334}|sum|46
p1name335_sum,{key335:value335}|sum|-50
p1name336_hist,{key336:value336}|hist|4|1|{0,0,1,1}
p1name337_hist,{key337:value337}|hist|-9|1|{0,1,1,1}
p1name338_sum,{key338:value338}|sum|-2
p1name339_sum,{key339:value339}|sum|24
p1name340_sum,{key340:value340}|sum|33
p1name341_sum,{key341:value341}|sum|12
p1name342_hist,{key342:value342}|hist|-14|1|{0,1,1,1}
p1name343_hist,{key343:value343}|hist|10|1|{0,0,1,1}
p1name344_sum,{key344:value344}|sum|21
p1name345_sum,{key345:value345}|sum|6
p1name346_hist,{key346:value346}|hist|46|1|{0,0,0,1}
p1name347_sum,{key347:value347}|sum|36
p1name348_hist,{key348:value348}|hist|48|1|{0,0,0,1}
p1name349_sum,{key349:value349}|sum|48
p1name350_sum,{key350:value350}|sum|29
p1name351_hist,{key351:value351}|hist|12|1|{0,0,1,1}
p1name352_sum,{key352:value352}|sum|-18
p1name353_hist,{key353:value353}|hist|46|1|{0,0,0,1}
p1name354_hist,{key354:value354}|hist|-37|1|{1,1,1,1}
p1name355_hist,{key355:value355}|hist|-44|1|{1,1,1,1}
p1name356_sum,{key356:value356}|sum|10
p1name357_sum,{key357:value357}|sum|48
p1name358_hist,{key358:value358}|hist|-4|1|{0,1,1,1}
p1name359_hist,{key359:value359}|hist|38|1|{0,0,0,1}
p1name360_sum,{key360:value360}|sum|-15
p1name361_sum,{key361:value361}|sum|26
p1name362_sum,{key362:value362}|sum|7
p1name363_sum,{key363:value363}|sum|41
p1name364_sum,{key364:value364}|sum|-24
p1name365_sum,{key365:value365}|sum|4
p1name366_hist,{key366:value366}|hist|-14|1|{0,1,1,1}
p1name367_hist,{key367:value367}|hist|47|1|{0,0,0,1}
p1name368_sum,{key368:value368}|sum|38
p1name369_sum,{key369:value369}|sum|49
p1name370_hist,{key370:value370}|hist|-40|1|{1,1,1,1}
p1name371_hist,{key371:value371}|hist|-13|1|{0,1,1,1}
p1name372_sum,{key372:value372}|sum|30
p1name373_hist,{key373:value373}|hist|0|1|{0,0,1,1}
p1name374_sum,{key374:value374}|sum|4
p1name375_hist,{key375:value375}|hist|6|1|{0,0,1,1}
p1name376_sum,{key376:value376}|sum|-50
p1name377_sum,{key377:value377}|sum|-7
p1name378_sum,{key378:value378}|sum|23
p1name379_hist,{key379:value379}|hist|-38|1|{1,1,1,1}
p1name380_sum,{key380:value380}|sum|-40
p1name381_hist,{key381:value381}|hist|34|1|{0,0,0,1}
p1name382_sum,{key382:value382}|sum|-17
p1name383_sum,{key383:value383}|sum|4
p1name384_hist,{key384:value384}|hist|1|1|{0,0,1,1}
p1name385_hist,{key385:value385}|hist|-14|1|{0,1,1,1}
p1name386_sum,{key386:value386}|sum|-38
p1name387_sum,{key387:value387}|sum|19
p1name388_sum,{key388:value388}|sum|-32
p1name389_sum,{key389:value389}|sum|15
p1name390_sum,{key390:value390}|sum|-7
p1name391_sum,{key391:value391}|sum|13
p1name392_sum,{key392:value392}|sum|38
p1name393_hist,{key393:value393}|hist|16|1|{0,0,1,1}
p1name394_sum,{key394:value394}|sum|21
p1name395_hist,{key395:value395}|hist|-4|1|{0,1,1,1}
p1name396_hist,{key396:value396}|hist|-40|1|{1,1,1,1}
p1name397_sum,{key397:value397}|sum|-8
p1name398_hist,{key398:value398}|hist|24|1|{0,0,1,1}
p1name399_hist,{key399:value399}|hist|8|1|{0,0,1,1}
p1name400_hist,{key400:value400}|hist|-35|1|{1,1,1,1}
p1name401_sum,{key401:value401}|sum|-3
p1name402_sum,{key402:value402}|sum|44
p1name403_sum,{key403:value403}|sum|32
p1name404_sum,{key404:value404}|sum|-43
p1name405_hist,{key405:value405}|hist|-40|1|{1,1,1,1}
p1name406_hist,{key406:value406}|hist|-24|1|{0,1,1,1}
p1name407_hist,{key407:value407}|hist|34|1|{0,0,0,1}
p1name408_hist,{key408:value408}|hist|-8|1|{0,1,1,1}
p1name409_sum,{key409:value409}|sum|-8
p1name410_hist,{key410:value410}|hist|11|1|{0,0,1,1}
p1name411_hist,{key411:value411}|hist|-21|1|{0,1,1,1}
p1name412_hist,{key412:value412}|hist|29|1|{0,0,0,1}
p1name413_sum,{key413:value413}|sum|47
p1name414_sum,{key414:value414}|sum|0
p1name415_hist,{key415:value415}|hist|-2|1|{0,1,1,1}
p1name416_sum,{key416:value416}|sum|22
p1name417_hist,{key417:value417}|hist|-8|1|{0,1,1,1}
p1name418_sum,{key418:value418}|sum|17
p1name419_hist,{key419:value419}|hist|19|1|{0,0,1,1}
p1name420_sum,{key420:value420}|sum|-35
p1name421_sum,{key421:value421}|sum|-7
p1name422_sum,{key422:value422}|sum|40
p1name423_sum,{key423:value423}|sum|9
p1name424_sum,{key424:value424}|sum|5
p1name425_sum,{key425:value425}|sum|-12
p1name426_hist,{key426:value426}|hist|26|1|{0,0,0,1}
p1name427_sum,{key427:value427}|sum|-38
p1name428_hist,{key428:value428}|hist|-14|1|{0,1,1,1}
p1name429_hist,{key429:value429}|hist|-30|1|{1,1,1,1}
p1name430_sum,{key430:value430}|sum|3
p1name431_sum,{key431:value431}|sum|2
p1name432_sum,{key432:value432}|sum|-19
p1name433_sum,{key433:value433}|sum|14
p1name434_sum,{key434:value434}|sum|4
p1name435_sum,{key435:value435}|sum|-35
p1name436_sum,{key436:value436}|sum|47
p1name437_sum,{key437:value437}|sum|13
p1name438_hist,{key438:value438}|hist|-43|1|{1,1,1,1}
p1name439_hist,{key439:value439}|hist|23|1|{0,0,1,1}
p1name440_hist,{key440:value440}|hist|-49|1|{1,1,1,1}
p1name441_hist,{key441:value441}|hist|-28|1|{1,1,1,1}
p1name442_sum,{key442:value442}|sum|24
p1name443_hist,{key443:value443}|hist|11|1|{0,0,1,1}
p1name444_hist,{key444:value444}|hist|7|1|{0,0,1,1}
p1name445_sum,{key445:value445}|sum|37
p1name446_hist,{key446:value446}|hist|43|1|{0,0,0,1}
p1name447_hist,{key447:value447}|hist|12|1|{0,0,1,1}
p1name448_sum,{key448:value448}|sum|24
p1name449_hist,{key449:value449}|hist|-28|1|{1,1,1,1}
p1name450_sum,{key450:value450}|sum|29
p1name451_sum,{key451:value451}|sum|8
p1name452_sum,{key452:value452}|sum|24
p1name453_hist,{key453:value453}|hist|40|1|{0,0,0,1}
p1name454_sum,{key454:value454}|sum|-3
p1name455_hist,{key455:value455}|hist|15|1|{0,0,1,1}
p1name456_sum,{key456:value456}|sum|-28
p1name457_hist,{key457:value457}|hist|44|1|{0,0,0,1}
p1name458_hist,{key458:value458}|hist|48|1|{0,0,0,1}
p1name459_sum,{key459:value459}|sum|17
p1name460_sum,{key460:value460}|sum|41
p1name461_sum,{key461:value461}|sum|30
p1name462_hist,{key462:value462}|hist|-41|1|{1,1,1,1}
p1name463_sum,{key463:value463}|sum|29
p1name464_sum,{key464:value464}|sum|39
p1name465_sum,{key465:value465}|sum|24
p1name466_sum,{key466:value466}|sum|5
p1name467_sum,{key467:value467}|sum|12
p1name468_sum,{key468:value468}|sum|45
p1name469_hist,{key469:value469}|hist|-13|1|{0,1,1,1}
p1name470_hist,{key470:value470}|hist|-41|1|{1,1,1,1}
p1name471_hist,{key471:value471}|hist|44|1|{0,0,0,1}
p1name472_sum,{key472:value472}|sum|-39
p1name473_sum,{key473:value473}|sum|6
p1name474_sum,{key474:value474}|sum|44
p1name475_sum,{key475:value475}|sum|39
p1name476_hist,{key476:value476}|hist|-23|1|{0,1,1,1}
p1name477_sum,{key477:value477}|sum|-11
p1name478_hist,{key478:value478}|hist|-19|1|{0,1,1,1}
p1name479_sum,{key479:value479}|sum|40
p1name480_sum,{key480:value480}|sum|33
p1name481_sum,{key481:value481}|sum|15
p1name482_hist,{key482:value482}|hist|0|1|{0,0,1,1}
p1name483_sum,{key483:value483}|sum|5
p1name484_hist,{key484:value484}|hist|27|1|{0,0,0,1}
p1name485_sum,{key485:value485}|sum|40
p1name486_hist,{key486:value486}|hist|23|1|{0,0,1,1}
p1name487_sum,{key487:value487}|sum|-30
p1name488_sum,{key488:value488}|sum|38
p1name489_sum,{key489:value489}|sum|-2
p1name490_sum,{key490:value490}|sum|44
p1name491_sum,{key491:value491}|sum|-34
p1name492_sum,{key492:value492}|sum|11
p1name493_sum,{key493:value493}|sum|12
p1name494_hist,{key494:value494}|hist|-32|1|{1,1,1,1}
p1name495_hist,{key495:value495}|hist|-3|1|{0,1,1,1}
p1name496_hist,{key496:value496}|hist|44|1|{0,0,0,1}
p1name497_sum,{key497:value497}|sum|48
p1name498_sum,{key498:value498}|sum|23
p1name499_hist,{key499:value499}|hist|45|1|{0,0,0,1}
p1name500_hist,{key500:value500}|hist|-34|1|{1,1,1,1}
p1name501_sum,{key501:value501}|sum|21
p1name502_sum,{key502:value502}|sum|37
p1name503_sum,{key503:value503}|sum|32
p1name504_sum,{key504:value504}|sum|-14
p1name505_sum,{key505:value505}|sum|2
p1name506_hist,{key506:value506}|hist|-1|1|{0,1,1,1}
p1name507_sum,{key507:value507}|sum|-17
p1name508_sum,{key508:value508}|sum|27
p1name509_sum,{key509:value509}|sum|30
p1name510_hist,{key510:value510}|hist|-26|1|{1,1,1,1}
p1name511_hist,{key511:value511}|hist|23|1|{0,0,1,1}
p1name512_sum,{key512:value512}|sum|49
p1name513_sum,{key513:value513}|sum|-30
p1name514_hist,{key514:value514}|hist|-19|1|{0,1,1,1}
p1name515_hist,{key515:value515}|hist|-35|1|{1,1,1,1}
p1name516_sum,{key516:value516}|sum|15
p1name517_sum,{key517:value517}|sum|21
p1name518_sum,{key518:value518}|sum|7
p1name519_sum,{key519:value519}|sum|32
p1name520_sum,{key520:value520}|sum|-45
p1name521_hist,{key521:value521}|hist|25|1|{0,0,0,1}
p1name522_sum,{key522:value522}|sum|38
p1name523_sum,{key523:value523}|sum|31
p1name524_sum,{key524:value524}|sum|-26
p1name525_hist,{key525:value525}|hist|3|1|{0,0,1,1}
p1name526_hist,{key526:value526}|hist|-12|1|{0,1,1,1}
p1name527_sum,{key527:value527}|sum|34
p1name528_hist,{key528:value528}|hist|15|1|{0,0,1,1}
p1name529_hist,{key529:value529}|hist|43|1|{0,0,0,1}
p1name530_hist,{key530:value530}|hist|-37|1|{1,1,1,1}
p1name531_sum,{key531:value531}|sum|30
p1name532_sum,{key532:value532}|sum|-13
p1name533_sum,{key533:value533}|sum|34
p1name534_sum,{key534:value534}|sum|8
p1name535_sum,{key535:value535}|sum|31
p1name536_sum,{key536:value536}|sum|5
p1name537_sum,{key537:value537}|sum|39
p1name538_hist,{key538:value538}|hist|1|1|{0,0,1,1}
p1name539_sum,{key539:value539}|sum|2
p1name540_sum,{key540:value540}|sum|24
p1name541_sum,{key541:value541}|sum|31
p1name542_sum,{key542:value542}|sum|36
p1name543_sum,{key543:value543}|sum|9
p1name544_sum,{key544:value544}|sum|49
p1name545_hist,{key545:value545}|hist|-34|1|{1,1,1,1}
p1name546_hist,{key546:value546}|hist|-22|1|{0,1,1,1}
p1name547_sum,{key547:value547}|sum|7
p1name548_hist,{key548:value548}|hist|17|1|{0,0,1,1}
p1name549_sum,{key549:value549}|sum|-37
p1name550_sum,{key550:value550}|sum|25
p1name551_sum,{key551:value551}|sum|6
p1name552_sum,{key552:value552}|sum|26
p1name553_sum,{key553:value553}|sum|-3
p1name554_sum,{key554:value554}|sum|1
p1name555_sum,{key555:value555}|sum|45
p1name556_hist,{key556:value556}|hist|-26|1|{1,1,1,1}
p1name557_sum,{key557:value557}|sum|4
p1name558_hist,{key558:value558}|hist|-32|1|{1,1,1,1}
p1name559_hist,{key559:value559}|hist|-41|1|{1,1,1,1}
p1name560_sum,{key560:value560}|sum|49
p1name561_sum,{key561:value561}|sum|32
p1name562_sum,{key562:value562}|sum|19
p1name563_sum,{key563:value563}|sum|40
p1name564_sum,{key564:value564}|sum|28
p1name565_sum,{key565:value565}|sum|50
p1name566_hist,{key566:value566}|hist|4|1|{0,0,1,1}
p1name567_hist,{key567:value567}|hist|15|1|{0,0,1,1}
p1name568_hist,{key568:value568}|hist|43|1|{0,0,0,1}
p1name569_sum,{key569:value569}|sum|3
p1name570_sum,{key570:value570}|sum|29
p1name571_sum,{key571:value571}|sum|7
p1name572_sum,{key572:value572}|sum|27
p1name573_hist,{key573:value573}|hist|-11|1|{0,1,1,1}
p1name574_hist,{key574:value574}|hist|-31|1|{1,1,1,1}
p1name575_sum,{key575:value575}|sum|11
p1name576_sum,{key576:value576}|sum|44
p1name577_hist,{key577:value577}|hist|-8|1|{0,1,1,1}
p1name578_hist,{key578:value578}|hist|27|1|{0,0,0,1}
p1name579_hist,{key579:value579}|hist|31|1|{0,0,0,1}
p1name580_sum,{key580:value580}|sum|42
p1name581_sum,{key581:value581}|sum|16
p1name582_hist,{key582:value582}|hist|5|1|{0,0,1,1}
p1name583_sum,{key583:value583}|sum|7
p1name584_hist,{key584:value584}|hist|19|1|{0,0,1,1}
p1name585_sum,{key585:value585}|sum|-13
p1name586_hist,{key586:value586}|hist|-29|1|{1,1,1,1}
p1name587_sum,{key587:value587}|sum|48
p1name588_sum,{key588:value588}|sum|50
p1name589_hist,{key589:value589}|hist|28|1|{0,0,0,1}
p1name590_sum,{key590:value590}|sum|-31
p1name591_hist,{key591:value591}|hist|-10|1|{0,1,1,1}
p1name592_hist,{key592:value592}|hist|-11|1|{0,1,1,1}
p1name593_sum,{key593:value593}|sum|15
p1name594_sum,{key594:value594}|sum|4
p1name595_hist,{key595:value595}|hist|27|1|{0,0,0,1}
p1name596_sum,{key596:value596}|sum|-30
p1name597_sum,{key597:value597}|sum|33
p1name598_sum,{key598:value598}|sum|47
p1name599_sum,{key599:value599}|sum|39
p1name600_sum,{key600:value600}|sum|42
p1name601_sum,{key601:value601}|sum|-11
p1name602_hist,{key602:value602}|hist|-15|1|{0,1,1,1}
p1name603_hist,{key603:value603}|hist|42|1|{0,0,0,1}
p1name604_sum,{key604:value604}|sum|-4
p1name605_hist,{key605:value605}|hist|22|1|{0,0,1,1}
p1name606_sum,{key606:value606}|sum|2
p1name607_sum,{key607:value607}|sum|46
p1name608_hist,{key608:value608}|hist|42|1|{0,0,0,1}
p1name609_sum,{key609:value609}|sum|31
p1name610_sum,{key610:value610}|sum|-17
p1name611_sum,{key611:value611}|sum|-9
p1name612_sum,{key612:value612}|sum|49
p1name613_sum,{key613:value613}|sum|-1
p1name614_sum,{key614:value614}|sum|-33
p1name615_sum,{key615:value615}|sum|28
p1name616_hist,{key616:value616}|hist|-24|1|{0,1,1,1}
p1name617_sum,{key617:value617}|sum|-49
p1name618_sum,{key618:value618}|sum|20
p1name619_hist,{key619:value619}|hist|28|1|{0,0,0,1}
p1name620_sum,{key620:value620}|sum|-2
p1name621_hist,{key621:value621}|hist|-44|1|{1,1,1,1}
p1name622_hist,{key622:value622}|hist|-44|1|{1,1,1,1}
p1name623_sum,{key623:value623}|sum|23
p1name624_sum,{key624:value624}|sum|32
p1name625_sum,{key625:value625}|sum|43
p1name626_hist,{key626:value626}|hist|16|1|{0,0,1,1}
p1name627_sum,{key627:value627}|sum|3
p1name628_sum,{key628:value628}|sum|21
p1name629_sum,{key629:value629}|sum|-13
p1name630_sum,{key630:value630}|sum|37
p1name631_sum,{key631:value631}|sum|-49
p1name632_sum,{key632:value632}|sum|27
p1name633_hist,{key633:value633}|hist|-40|1|{1,1,1,1}
p1name634_sum,{key634:value634}|sum|-16
p1name635_hist,{key635:value635}|hist|-13|1|{0,1,1,1}
p1name636_sum,{key636:value636}|sum|11
p1name637_sum,{key637:value637}|sum|7
p1name638_sum,{key638:value638}|sum|23
p1name639_sum,{key639:value639}|sum|-8
p1name640_hist,{key640:value640}|hist|26|1|{0,0,0,1}
p1name641_sum,{key641:value641}|sum|13
p1name642_sum,{key642:value642}|sum|-2
p1name643_hist,{key643:value643}|hist|-20|1|{0,1,1,1}
p1name644_sum,{key644:value644}|sum|21
p1name645_sum,{key645:value645}|sum|-49
p1name646_sum,{key646:value646}|sum|36
p1name647_sum,{key647:value647}|sum|0
p1name648_sum,{key648:value648}|sum|13
p1name649_hist,{key649:value649}|hist|36|1|{0,0,0,1}
p1name650_sum,{key650:value650}|sum|18
p1name651_hist,{key651:value651}|hist|9|1|{0,0,1,1}
p1name652_sum,{key652:value652}|sum|45
p1name653_hist,{key653:value653}|hist|37|1|{0,0,0,1}
p1name654_sum,{key654:value654}|sum|-31
p1name655_sum,{key655:value655}|sum|13
p1name656_sum,{key656:value656}|sum|2
p1name657_sum,{key657:value657}|sum|7
p1name658_sum,{key658:value658}|sum|44
p1name659_sum,{key659:value659}|sum|6
p1name660_sum,{key660:value660}|sum|38
p1name661_hist,{key661:value661}|hist|5|1|{0,0,1,1}
p1name662_hist,{key662:value662}|hist|20|1|{0,0,1,1}
p1name663_sum,{key663:value663}|sum|16
p1name664_sum,{key664:value664}|sum|50
p1name665_hist,{key665:value665}|hist|22|1|{0,0,1,1}
p1name666_sum,{key666:value666}|sum|5
p1name667_hist,{key667:value667}|hist|-35|1|{1,1,1,1}
p1name668_sum,{key668:value668}|sum|38
p1name669_hist,{key669:value669}|hist|31|1|{0,0,0,1}
p1name670_sum,{key670:value670}|sum|14
p1name671_sum,{key671:value671}|sum|14
p1name672_sum,{key672:value672}|sum|28
p1name673_sum,{key673:value673}|sum|-17
p1name674_sum,{key674:value674}|sum|-29
p1name675_hist,{key675:value675}|hist|-13|1|{0,1,1,1}
p1name676_sum,{key676:value676}|sum|-35
p1name677_sum,{key677:value677}|sum|37
p1name678_sum,{key678:value678}|sum|28
p1name679_hist,{key679:value679}|hist|38|1|{0,0,0,1}
p1name680_sum,{key680:value680}|sum|-10
p1name681_hist,{key681:value681}|hist|40|1|{0,0,0,1}
p1name682_sum,{key682:value682}|sum|36
p1name683_sum,{key683:value683}|sum|14
p1name684_sum,{key684:value684}|sum|49
p1name685_hist,{key685:value685}|hist|-36|1|{1,1,1,1}
p1name686_hist,{key686:value686}|hist|49|1|{0,0,0,1}
p1name687_hist,{key687:value687}|hist|0|1|{0,0,1,1}
p1name688_sum,{key688:value688}|sum|-39
p1name689_sum,{key689:value689}|sum|37
p1name690_hist,{key690:value690}|hist|-18|1|{0,1,1,1}
p1name691_sum,{key691:value691}|sum|11
p1name692_sum,{key692:value692}|sum|38
p1name693_sum,{key693:value693}|sum|49
p1name694_sum,{key694:value694}|sum|35
p1name695_sum,{key695:value695}|sum|26
p1name696_sum,{key696:value696}|sum|-18
p1name697_hist,{key697:value697}|hist|-6|1|{0,1,1,1}
p1name698_sum,{key698:value698}|sum|-9
p1name699_hist,{key699:value699}|hist|15|1|{0,0,1,1}
p1name700_hist,{key700:value700}|hist|2|1|{0,0,1,1}
p1name701_sum,{key701:value701}|sum|-10
p1name702_hist,{key702:value702}|hist|-19|1|{0,1,1,1}
p1name703_hist,{key703:value703}|hist|5|1|{0,0,1,1}
p1name704_sum,{key704:value704}|sum|-17
p1name705_sum,{key705:value705}|sum|-10
p1name706_hist,{key706:value706}|hist|35|1|{0,0,0,1}
p1name707_sum,{key707:value707}|sum|12
p1name708_sum,{key708:value708}|sum|1
p1name709_hist,{key709:value709}|hist|-23|1|{0,1,1,1}
p1name710_hist,{key710:value710}|hist|-15|1|{0,1,1,1}
p1name711_hist,{key711:value711}|hist|8|1|{0,0,1,1}
p1name712_hist,{key712:value712}|hist|7|1|{0,0,1,1}
p1name713_hist,{key713:value713}|hist|20|1|{0,0,1,1}
p1name714_sum,{key714:value714}|sum|-20
p1name715_hist,{key715:value715}|hist|-16|1|{0,1,1,1}
p1name716_sum,{key716:value716}|sum|-1
p1name717_hist,{key717:value717}|hist|41|1|{0,0,0,1}
p1name718_sum,{key718:value718}|sum|23
p1name719_sum,{key719:value719}|sum|3
p1name720_sum,{key720:value720}|sum|13
p1name721_sum,{key721:value721}|sum|49
p1name722_hist,{key722:value722}|hist|-37|1|{1,1,1,1}
p1name723_sum,{key723:value723}|sum|9
p1name724_hist,{key724:value724}|hist|-25|1|{0,1,1,1}
p1name725_hist,{key725:value725}|hist|15|1|{0,0,1,1}
p1name726_sum,{key726:value726}|sum|14
p1name727_sum,{key727:value727}|sum|-17
p1name728_sum,{key728:value728}|sum|22
p1name729_sum,{key729:value729}|sum|-38
p1name730_sum,{key730:value730}|sum|21
p1name731_sum,{key731:value731}|sum|27
p1name732_hist,{key732:value732}|hist|17|1|{0,0,1,1}
p1name733_hist,{key733:value733}|hist|13|1|{0,0,1,1}
p1name734_sum,{key734:value734}|sum|24
p1name735_hist,{key735:value735}|hist|-38|1|{1,1,1,1}
p1name736_sum,{key736:value736}|sum|37
p1name737_hist,{key737:value737}|hist|9|1|{0,0,1,1}
p1name738_sum,{key738:value738}|sum|12
p1name739_hist,{key739:value739}|hist|-47|1|{1,1,1,1}
p1name740_sum,{key740:value740}|sum|44
p1name741_sum,{key741:value741}|sum|24
p1name742_sum,{key742:value742}|sum|38
p1name743_sum,{key743:value743}|sum|4
p1name744_sum,{key744:value744}|sum|-25
p1name745_sum,{key745:value745}|sum|9
p1name746_sum,{key746:value746}|sum|-12
p1name747_sum,{key747:value747}|sum|29
p1name748_sum,{key748:value748}|sum|4
p1name749_sum,{key749:value749}|sum|18
p1name750_hist,{key750:value750}|hist|-35|1|{1,1,1,1}
p1name751_sum,{key751:value751}|sum|10
p1name752_hist,{key752:value752}|hist|41|1|{0,0,0,1}
p1name753_sum,{key753:value753}|sum|39
p1name754_hist,{key754:value754}|hist|17|1|{0,0,1,1}
p1name755_sum,{key755:value755}|sum|-27
p1name756_sum,{key756:value756}|sum|45
p1name757_hist,{key757:value757}|hist|34|1|{0,0,0,1}
p1name758_hist,{key758:value758}|hist|-35|1|{1,1,1,1}
p1name759_hist,{key759:value759}|hist|-39|1|{1,1,1,1}
p1name760_sum,{key760:value760}|sum|49
p1name761_hist,{key761:value761}|hist|-8|1|{0,1,1,1}
p1name762_hist,{key762:value762}|hist|-22|1|{0,1,1,1}
p1name763_sum,{key763:value763}|sum|37
p1name764_sum,{key764:value764}|sum|38
p1name765_hist,{key765:value765}|hist|-28|1|{1,1,1,1}
p1name766_hist,{key766:value766}|hist|-20|1|{0,1,1,1}
p1name767_sum,{key767:value767}|sum|19
p1name768_sum,{key768:value768}|sum|10
p1name769_sum,{key769:value769}|sum|44
p1name770_sum,{key770:value770}|sum|-29
p1name771_sum,{key771:value771}|sum|7
p1name772_sum,{key772:value772}|sum|-20
p1name773_sum,{key773:value773}|sum|20
p1name774_hist,{key774:value774}|hist|-11|1|{0,1,1,1}
p1name775_sum,{key775:value775}|sum|41
p1name776_hist,{key776:value776}|hist|29|1|{0,0,0,1}
p1name777_sum,{key777:value777}|sum|19
p1name778_sum,{key778:value778}|sum|50
p1name779_hist,{key779:value779}|hist|-37|1|{1,1,1,1}
p1name780_hist,{key780:value780}|hist|-16|1|{0,1,1,1}
p1name781_sum,{key781:value781}|sum|1
p1name782_sum,{key782:value782}|sum|-11
p1name783_hist,{key783:value783}|hist|15|1|{0,0,1,1}
p1name784_sum,{key784:value784}|sum|2
p1name785_sum,{key785:value785}|sum|19
p1name786_sum,{key786:value786}|sum|44
p1name787_sum,{key787:value787}|sum|-4
p1name788_hist,{key788:value788}|hist|34|1|{0,0,0,1}
p1name789_hist,{key789:value789}|hist|-46|1|{1,1,1,1}
p1name790_hist,{key790:value790}|hist|-16|1|{0,1,1,1}
p1name791_sum,{key791:value791}|sum|-49
p1name792_hist,{key792:value792}|hist|-22|1|{0,1,1,1}
p1name793_sum,{key793:value793}|sum|23
p1name794_hist,{key794:value794}|hist|44|1|{0,0,0,1}
p1name795_sum,{key795:value795}|sum|-33
p1name796_hist,{key796:value796}|hist|-50|1|{1,1,1,1}
p1name797_sum,{key797:value797}|sum|47
p1name798_sum,{key798:value798}|sum|45
p1name799_hist,{key799:value799}|hist|25|1|{0,0,0,1}
p1name800_sum,{key800:value800}|sum|3
p1name801_sum,{key801:value801}|sum|34
p1name802_sum,{key802:value802}|sum|32
p1name803_sum,{key803:value803}|sum|43
p1name804_sum,{key804:value804}|sum|-36
p1name805_sum,{key805:value805}|sum|44
p1name806_sum,{key806:value806}|sum|24
p1name807_hist,{key807:value807}|hist|39|1|{0,0,0,1}
p1name808_hist,{key808:value808}|hist|-2|1|{0,1,1,1}
p1name809_sum,{key809:value809}|sum|-10
p1name810_sum,{key810:value810}|sum|4
p1name811_hist,{key811:value811}|hist|-25|1|{0,1,1,1}
p1name812_hist,{key812:value812}|hist|-37|1|{1,1,1,1}
p1name813_sum,{key813:value813}|sum|9
p1name814_sum,{key814:value814}|sum|39
p1name815_sum,{key815:value815}|sum|-23
p1name816_sum,{key816:value816}|sum|-14
p1name817_sum,{key817:value817}|sum|40
p1name818_sum,{key818:value818}|sum|3
p1name819_hist,{key819:value819}|hist|21|1|{0,0,1,1}
p1name820_hist,{key820:value820}|hist|-21|1|{0,1,1,1}
p1name821_sum,{key821:value821}|sum|44
p1name822_sum,{key822:value822}|sum|24
p1name823_sum,{key823:value823}|sum|24
p1name824_sum,{key824:value824}|sum|48
p1name825_sum,{key825:value825}|sum|-32
p1name826_sum,{key826:value826}|sum|50
p1name827_sum,{key827:value827}|sum|-24
p1name828_hist,{key828:value828}|hist|-15|1|{0,1,1,1}
p1name829_hist,{key829:value829}|hist|5|1|{0,0,1,1}
p1name830_hist,{key830:value830}|hist|-41|1|{1,1,1,1}
p1name831_sum,{key831:value831}|sum|-42
p1name832_sum,{key832:value832}|sum|26
p1name833_sum,{key833:value833}|sum|45
p1name834_hist,{key834:value834}|hist|6|1|{0,0,1,1}
p1name835_hist,{key835:value835}|hist|-2|1|{0,1,1,1}
p1name836_sum,{key836:value836}|sum|43
p1name837_sum,{key837:value837}|sum|-15
p1name838_sum,{key838:value838}|sum|33
p1name839_sum,{key839:value839}|sum|38
p1name840_sum,{key840:value840}|sum|45
p1name841_sum,{key841:value841}|sum|-39
p1name842_hist,{key842:value842}|hist|-22|1|{0,1,1,1}
p1name843_sum,{key843:value843}|sum|25
p1name844_sum,{key844:value844}|sum|19
p1name845_sum,{key845:value845}|sum|29
p1name846_sum,{key846:value846}|sum|38
p1name847_sum,{key847:value847}|sum|19
p1name848_sum,{key848:value848}|sum|13
p1name849_sum,{key849:value849}|sum|-30
p1name850_sum,{key850:value850}|sum|-30
p1name851_sum,{key851:value851}|sum|44
p1name852_hist,{key852:value852}|hist|18|1|{0,0,1,1}
p1name853_hist,{key853:value853}|hist|-37|1|{1,1,1,1}
p1name854_sum,{key854:value854}|sum|-11
p1name855_hist,{key855:value855}|hist|-11|1|{0,1,1,1}
p1name856_hist,{key856:value856}|hist|7|1|{0,0,1,1}
p1name857_sum,{key857:value857}|sum|-10
p1name858_hist,{key858:value858}|hist|-5|1|{0,1,1,1}
p1name859_hist,{key859:value859}|hist|-37|1|{1,1,1,1}
p1name860_hist,{key860:value860}|hist|13|1|{0,0,1,1}
p1name861_hist,{key861:value861}|hist|-48|1|{1,1,1,1}
p1name862_sum,{key862:value862}|sum|50
p1name863_sum,{key863:value863}|sum|29
p1name864_sum,{key864:value864}|sum|32
p1name865_hist,{key865:value865}|hist|-28|1|{1,1,1,1}
p1name866_sum,{key866:value866}|sum|14
p1name867_hist,{key867:value867}|hist|10|1|{0,0,1,1}
p1name868_sum,{key868:value868}|sum|-31
p1name869_sum,{key869:value869}|sum|26
p1name870_sum,{key870:value870}|sum|7
p1name871_sum,{key871:value871}|sum|40
p1name872_hist,{key872:value872}|hist|-4|1|{0,1,1,1}
p1name873_hist,{key873:value873}|hist|-40|1|{1,1,1,1}
p1name874_sum,{key874:value874}|sum|-22
p1name875_sum,{key875:value875}|sum|13
p1name876_hist,{key876:value876}|hist|39|1|{0,0,0,1}
p1name877_sum,{key877:value877}|sum|28
p1name878_hist,{key878:value878}|hist|14|1|{0,0,1,1}
p1name879_sum,{key879:value879}|sum|33
p1name880_sum,{key880:value880}|sum|42
p1name881_hist,{key881:value881}|hist|-1|1|{0,1,1,1}
p1name882_hist,{key882:value882}|hist|45|1|{0,0,0,1}
p1name883_hist,{key883:value883}|hist|-22|1|{0,1,1,1}
p1name884_sum,{key884:value884}|sum|36
p1name885_hist,{key885:value885}|hist|-46|1|{1,1,1,1}
p1name886_hist,{key886:value886}|hist|-37|1|{1,1,1,1}
p1name887_sum,{key887:value887}|sum|16
p1name888_sum,{key888:value888}|sum|7
p1name889_hist,{key889:value889}|hist|44|1|{0,0,0,1}
p1name890_sum,{key890:value890}|sum|-13
p1name891_sum,{key891:value891}|sum|-42
p1name892_sum,{key892:value892}|sum|44
p1name893_sum,{key893:value893}|sum|11
p1name894_hist,{key894:value894}|hist|-21|1|{0,1,1,1}
p1name895_sum,{key895:value895}|sum|43
p1name896_sum,{key896:value896}|sum|32
p1name897_sum,{key897:value897}|sum|46
p1name898_hist,{key898:value898}|hist|14|1|{0,0,1,1}
p1name899_sum,{key899:value899}|sum|24
p1name900_sum,{key900:value900}|sum|11
p1name901_hist,{key901:value901}|hist|-16|1|{0,1,1,1}
p1name902_sum,{key902:value902}|sum|25
p1name903_hist,{key903:value903}|hist|10|1|{0,0,1,1}
p1name904_sum,{key904:value904}|sum|42
p1name905_hist,{key905:value905}|hist|16|1|{0,0,1,1}
p1name906_hist,{key906:value906}|hist|41|1|{0,0,0,1}
p1name907_sum,{key907:value907}|sum|-49
p1name908_hist,{key908:value908}|hist|18|1|{0,0,1,1}
p1name909_sum,{key909:value909}|sum|17
p1name910_sum,{key910:value910}|sum|-39
p1name911_hist,{key911:value911}|hist|35|1|{0,0,0,1}
p1name912_sum,{key912:value912}|sum|34
p1name913_hist,{key913:value913}|hist|15|1|{0,0,1,1}
p1name914_sum,{key914:value914}|sum|40
p1name915_sum,{key915:value915}|sum|8
p1name916_sum,{key916:value916}|sum|22
p1name917_sum,{key917:value917}|sum|10
p1name918_sum,{key918:value918}|sum|50
p1name919_hist,{key919:value919}|hist|22|1|{0,0,1,1}
p1name920_hist,{key920:value920}|hist|31|1|{0,0,0,1}
p1name921_hist,{key921:value921}|hist|44|1|{0,0,0,1}
p1name922_sum,{key922:value922}|sum|22
p1name923_hist,{key923:value923}|hist|13|1|{0,0,1,1}
p1name924_hist,{key924:value924}|hist|-45|1|{1,1,1,1}
p1name925_sum,{key925:value925}|sum|-41
p1name926_hist,{key926:value926}|hist|16|1|{0,0,1,1}
p1name927_sum,{key927:value927}|sum|33
p1name928_sum,{key928:value928}|sum|49
p1name929_sum,{key929:value929}|sum|7
p1name930_hist,{key930:value930}|hist|-40|1|{1,1,1,1}
p1name931_sum,{key931:value931}|sum|14
p1name932_sum,{key932:value932}|sum|11
p1name933_sum,{key933:value933}|sum|-32
p1name934_sum,{key934:value934}|sum|12
p1name935_hist,{key935:value935}|hist|21|1|{0,0,1,1}
p1name936_hist,{key936:value936}|hist|-16|1|{0,1,1,1}
p1name937_hist,{key937:value937}|hist|37|1|{0,0,0,1}
p1name938_sum,{key938:value938}|sum|27
p1name939_hist,{key939:value939}|hist|-10|1|{0,1,1,1}
p1name940_hist,{key940:value940}|hist|-18|1|{0,1,1,1}
p1name941_sum,{key941:value941}|sum|-7
p1name942_sum,{key942:value942}|sum|-25
p1name943_sum,{key943:value943}|sum|-3
p1name944_sum,{key944:value944}|sum|33
p1name945_sum,{key945:value945}|sum|-8
p1name946_hist,{key946:value946}|hist|-33|1|{1,1,1,1}
p1name947_hist,{key947:value947}|hist|25|1|{0,0,0,1}
p1name948_sum,{key948:value948}|sum|26
p1name949_sum,{key949:value949}|sum|19
p1name950_hist,{key950:value950}|hist|45|1|{0,0,0,1}
p1name951_sum,{key951:value951}|sum|-3
p1name952_hist,{key952:value952}|hist|28|1|{0,0,0,1}
p1name953_sum,{key953:value953}|sum|-24
p1name954_hist,{key954:value954}|hist|-40|1|{1,1,1,1}
p1name955_sum,{key955:value955}|sum|-36
p1name956_hist,{key956:value956}|hist|-16|1|{0,1,1,1}
p1name957_sum,{key957:value957}|sum|50
p1name958_sum,{key958:value958}|sum|46
p1name959_sum,{key959:value959}|sum|-26
p1name960_sum,{key960:value960}|sum|19
p1name961_sum,{key961:value961}|sum|11
p1name962_sum,{key962:value962}|sum|42
p1name963_hist,{key963:value963}|hist|-36|1|{1,1,1,1}
p1name964_hist,{key964:value964}|hist|-1|1|{0,1,1,1}
p1name965_sum,{key965:value965}|sum|19
p1name966_hist,{key966:value966}|hist|20|1|{0,0,1,1}
p1name967_hist,{key967:value967}|hist|-13|1|{0,1,1,1}
p1name968_sum,{key968:value968}|sum|40
p1name969_sum,{key969:value969}|sum|5
p1name970_sum,{key970:value970}|sum|10
p1name971_sum,{key971:value971}|sum|19
p1name972_sum,{key972:value972}|sum|38
p1name973_sum,{key973:value973}|sum|-49
p1name974_sum,{key974:value974}|sum|18
p1name975_sum,{key975:value975}|sum|48
p1name976_sum,{key976:value976}|sum|43
p1name977_hist,{key977:value977}|hist|26|1|{0,0,0,1}
p1name978_sum,{key978:value978}|sum|27
p1name979_sum,{key979:value979}|sum|25
p1name980_sum,{key980:value980}|sum|42
p1name981_sum,{key981:value981}|sum|-10
p1name982_sum,{key982:value982}|sum|46
p1name983_sum,{key983:value983}|sum|41
p1name984_hist,{key984:value984}|hist|44|1|{0,0,0,1}
p1name985_sum,{key985:value985}|sum|42
p1name986_hist,{key986:value986}|hist|-33|1|{1,1,1,1}
p1name987_sum,{key987:value987}|sum|8
p1name988_sum,{key988:value988}|sum|36
p1name989_sum,{key989:value989}|sum|-39
p1name990_sum,{key990:value990}|sum|5
p1name991_sum,{key991:value991}|sum|29
p1name992_sum,{key992:value992}|sum|20
p1name993_hist,{key993:value993}|hist|22|1|{0,0,1,1}
p1name994_sum,{key994:value994}|sum|37
p1name995_sum,{key995:value995}|sum|33
p1name996_hist,{key996:value996}|hist|-30|1|{1,1,1,1}
p1name997_sum,{key997:value997}|sum|43
p1name998_hist,{key998:value998}|hist|3|1|{0,0,1,1}
p1name999_sum,{key999:value999}|sum|30
